dir,name,modified,size,problem
2012,010_archv.2012_138_00_3z.nc_COPY,2026-03-28 07:46,1.6G,unexpected name
2016,u.y2016_d300.nc,2025-02-16 14:28,493M,unexpected name
2016,u.y2016_d301.nc,2025-02-16 14:28,493M,unexpected name
2016,u.y2016_d302.nc,2025-02-16 14:28,493M,unexpected name
2016,u.y2016_d303.nc,2025-02-16 14:28,493M,unexpected name
2016,u.y2016_d304.nc,2025-02-16 14:28,493M,unexpected name
2016,u.y2016_d305.nc,2025-02-16 14:28,493M,unexpected name
2016,u.y2016_d306.nc,2025-02-16 14:28,493M,unexpected name
2016,u.y2016_d307.nc,2025-02-16 14:28,493M,unexpected name
2016,u.y2016_d308.nc,2025-02-16 14:28,493M,unexpected name
2016,u.y2016_d309.nc,2025-02-16 14:28,493M,unexpected name
2016,u.y2016_d310.nc,2025-02-16 14:28,493M,unexpected name
2016,u.y2016_d311.nc,2025-02-16 14:28,493M,unexpected name
2016,u.y2016_d312.nc,2025-02-16 14:28,493M,unexpected name
2016,u.y2016_d313.nc,2025-02-16 14:28,493M,unexpected name
2016,u.y2016_d314.nc,2025-02-16 14:28,493M,unexpected name
2016,u.y2016_d315.nc,2025-02-16 14:28,493M,unexpected name
2002,010_archv.2002_347_00_3z.nc,2025-04-07 09:44,239,zero time steps
2002,010_archv.2002_347_01_3z.nc,2025-04-07 09:37,49K,zero time steps
2002,010_archv.2002_347_02_3z.nc,2025-04-07 09:37,49K,zero time steps
2002,010_archv.2002_347_03_3z.nc,2025-04-07 09:37,49K,zero time steps
2002,010_archv.2002_347_04_3z.nc,2025-04-07 09:37,49K,zero time steps
2002,010_archv.2002_347_05_3z.nc,2025-04-07 09:37,49K,zero time steps
2006,010_archv.2006_177_18_3z.nc,2025-03-21 17:12,49K,zero time steps
2006,010_archv.2006_177_19_3z.nc,2025-03-21 17:12,49K,zero time steps
2006,010_archv.2006_177_20_3z.nc,2025-03-21 17:12,49K,zero time steps
2006,010_archv.2006_177_21_3z.nc,2025-03-21 17:12,49K,zero time steps
2006,010_archv.2006_177_22_3z.nc,2025-03-21 17:12,49K,zero time steps
2006,010_archv.2006_177_23_3z.nc,2025-03-21 17:12,49K,zero time steps
2014,010_archv.2014_335_12_3z.nc,2025-03-11 08:31,49K,zero time steps
2014,010_archv.2014_335_13_3z.nc,2025-03-11 08:31,49K,zero time steps
2014,010_archv.2014_335_14_3z.nc,2025-03-11 08:31,49K,zero time steps
2014,010_archv.2014_335_15_3z.nc,2025-03-11 08:31,49K,zero time steps
2014,010_archv.2014_335_16_3z.nc,2025-03-11 08:31,49K,zero time steps
2014,010_archv.2014_335_17_3z.nc,2025-03-11 08:31,49K,zero time steps
2024,026_archv.2024_092_19_2d.nc,2024-12-26 08:35,74M,026/027 overlap
2024,026_archv.2024_092_19_3z.nc,2025-01-09 23:03,2.4G,026/027 overlap
2024,026_archv.2024_092_20_2d.nc,2024-12-26 08:35,74M,026/027 overlap
2024,026_archv.2024_092_20_3z.nc,2025-01-09 23:04,2.4G,026/027 overlap
2024,026_archv.2024_092_21_2d.nc,2024-12-26 08:35,74M,026/027 overlap
2024,026_archv.2024_092_21_3z.nc,2025-01-09 23:04,2.4G,026/027 overlap
2024,026_archv.2024_092_22_2d.nc,2024-12-26 08:35,74M,026/027 overlap
2024,026_archv.2024_092_22_3z.nc,2025-01-09 23:04,2.4G,026/027 overlap
2024,026_archv.2024_092_23_2d.nc,2024-12-26 08:35,74M,026/027 overlap
2024,026_archv.2024_092_23_3z.nc,2025-01-09 23:04,2.4G,026/027 overlap
2024,026_archv.2024_093_00_2d.nc,2024-12-26 08:36,74M,026/027 overlap
2024,026_archv.2024_093_00_3z.nc,2025-01-09 23:09,2.4G,026/027 overlap
2024,026_archv.2024_093_01_2d.nc,2024-12-26 08:36,74M,026/027 overlap
2024,026_archv.2024_093_01_3z.nc,2025-01-09 23:09,2.4G,026/027 overlap
2024,026_archv.2024_093_02_2d.nc,2024-12-26 08:36,74M,026/027 overlap
2024,026_archv.2024_093_02_3z.nc,2025-01-09 23:09,2.4G,026/027 overlap
2024,026_archv.2024_093_03_2d.nc,2024-12-26 08:36,74M,026/027 overlap
2024,026_archv.2024_093_03_3z.nc,2025-01-09 23:09,2.4G,026/027 overlap
2024,026_archv.2024_093_04_2d.nc,2024-12-26 08:36,74M,026/027 overlap
2024,026_archv.2024_093_04_3z.nc,2025-01-09 23:09,2.4G,026/027 overlap
2024,026_archv.2024_093_05_2d.nc,2024-12-26 08:36,74M,026/027 overlap
2024,026_archv.2024_093_05_3z.nc,2025-01-09 23:09,2.4G,026/027 overlap
2024,026_archv.2024_093_06_2d.nc,2024-12-26 08:36,74M,026/027 overlap
2024,026_archv.2024_093_06_3z.nc,2025-01-09 23:14,2.4G,026/027 overlap
2024,026_archv.2024_093_07_2d.nc,2024-12-26 08:36,74M,026/027 overlap
2024,026_archv.2024_093_07_3z.nc,2025-01-09 23:14,2.4G,026/027 overlap
2024,026_archv.2024_093_08_2d.nc,2024-12-26 08:36,74M,026/027 overlap
2024,026_archv.2024_093_08_3z.nc,2025-01-09 23:14,2.4G,026/027 overlap
2024,026_archv.2024_093_09_2d.nc,2024-12-26 08:36,74M,026/027 overlap
2024,026_archv.2024_093_09_3z.nc,2025-01-09 23:14,2.4G,026/027 overlap
2024,026_archv.2024_093_10_2d.nc,2024-12-26 08:36,74M,026/027 overlap
2024,026_archv.2024_093_10_3z.nc,2025-01-09 23:14,2.4G,026/027 overlap
2024,026_archv.2024_093_11_2d.nc,2024-12-26 08:36,74M,026/027 overlap
2024,026_archv.2024_093_11_3z.nc,2025-01-09 23:14,2.4G,026/027 overlap
2024,026_archv.2024_093_12_2d.nc,2024-12-26 08:36,74M,026/027 overlap
2024,026_archv.2024_093_12_3z.nc,2025-01-09 23:19,2.4G,026/027 overlap
2024,026_archv.2024_093_13_2d.nc,2024-12-26 08:36,74M,026/027 overlap
2024,026_archv.2024_093_13_3z.nc,2025-01-09 23:19,2.4G,026/027 overlap
2024,026_archv.2024_093_14_2d.nc,2024-12-26 08:36,74M,026/027 overlap
2024,026_archv.2024_093_14_3z.nc,2025-01-09 23:19,2.4G,026/027 overlap
2024,026_archv.2024_093_15_2d.nc,2024-12-26 08:36,74M,026/027 overlap
2024,026_archv.2024_093_15_3z.nc,2025-01-09 23:19,2.4G,026/027 overlap
2024,026_archv.2024_093_16_2d.nc,2024-12-26 08:36,74M,026/027 overlap
2024,026_archv.2024_093_16_3z.nc,2025-01-09 23:19,2.4G,026/027 overlap
2024,026_archv.2024_093_17_2d.nc,2024-12-26 08:36,74M,026/027 overlap
2024,026_archv.2024_093_17_3z.nc,2025-01-09 23:19,2.4G,026/027 overlap
2024,026_archv.2024_093_18_2d.nc,2024-12-26 08:36,74M,026/027 overlap
2024,026_archv.2024_093_18_3z.nc,2025-01-09 23:24,2.4G,026/027 overlap
2024,026_archv.2024_093_19_2d.nc,2024-12-26 08:36,74M,026/027 overlap
2024,026_archv.2024_093_19_3z.nc,2025-01-09 23:24,2.4G,026/027 overlap
2024,026_archv.2024_093_20_2d.nc,2024-12-26 08:36,74M,026/027 overlap
2024,026_archv.2024_093_20_3z.nc,2025-01-09 23:24,2.4G,026/027 overlap
2024,026_archv.2024_093_21_2d.nc,2024-12-26 08:36,74M,026/027 overlap
2024,026_archv.2024_093_21_3z.nc,2025-01-09 23:24,2.4G,026/027 overlap
2024,026_archv.2024_093_22_2d.nc,2024-12-26 08:36,74M,026/027 overlap
2024,026_archv.2024_093_22_3z.nc,2025-01-09 23:24,2.4G,026/027 overlap
2024,026_archv.2024_093_23_2d.nc,2024-12-26 08:36,74M,026/027 overlap
2024,026_archv.2024_093_23_3z.nc,2025-01-09 23:24,2.4G,026/027 overlap
2024,026_archv.2024_094_00_2d.nc,2024-12-26 08:37,74M,026/027 overlap
2024,026_archv.2024_094_00_3z.nc,2025-01-09 23:30,2.4G,026/027 overlap
2024,026_archv.2024_094_01_2d.nc,2024-12-26 08:37,74M,026/027 overlap
2024,026_archv.2024_094_01_3z.nc,2025-01-09 23:30,2.4G,026/027 overlap
2024,026_archv.2024_094_02_2d.nc,2024-12-26 08:37,74M,026/027 overlap
2024,026_archv.2024_094_02_3z.nc,2025-01-09 23:30,2.4G,026/027 overlap
2024,026_archv.2024_094_03_2d.nc,2024-12-26 08:37,74M,026/027 overlap
2024,026_archv.2024_094_03_3z.nc,2025-01-09 23:30,2.4G,026/027 overlap
2024,026_archv.2024_094_04_2d.nc,2024-12-26 08:37,74M,026/027 overlap
2024,026_archv.2024_094_04_3z.nc,2025-01-09 23:30,2.4G,026/027 overlap
2024,026_archv.2024_094_05_2d.nc,2024-12-26 08:37,74M,026/027 overlap
2024,026_archv.2024_094_05_3z.nc,2025-01-09 23:30,2.4G,026/027 overlap
2024,026_archv.2024_094_06_2d.nc,2024-12-26 08:37,74M,026/027 overlap
2024,026_archv.2024_094_06_3z.nc,2025-01-09 23:34,2.4G,026/027 overlap
2024,026_archv.2024_094_07_2d.nc,2024-12-26 08:37,74M,026/027 overlap
2024,026_archv.2024_094_07_3z.nc,2025-01-09 23:35,2.4G,026/027 overlap
2024,026_archv.2024_094_08_2d.nc,2024-12-26 08:37,74M,026/027 overlap
2024,026_archv.2024_094_08_3z.nc,2025-01-09 23:35,2.4G,026/027 overlap
2024,026_archv.2024_094_09_2d.nc,2024-12-26 08:37,74M,026/027 overlap
2024,026_archv.2024_094_09_3z.nc,2025-01-09 23:35,2.4G,026/027 overlap
2024,026_archv.2024_094_10_2d.nc,2024-12-26 08:37,74M,026/027 overlap
2024,026_archv.2024_094_10_3z.nc,2025-01-09 23:35,2.4G,026/027 overlap
2024,026_archv.2024_094_11_2d.nc,2024-12-26 08:37,74M,026/027 overlap
2024,026_archv.2024_094_11_3z.nc,2025-01-09 23:35,2.4G,026/027 overlap
2024,026_archv.2024_094_12_2d.nc,2024-12-26 08:37,74M,026/027 overlap
2024,026_archv.2024_094_12_3z.nc,2025-01-09 23:40,2.4G,026/027 overlap
2024,026_archv.2024_094_13_2d.nc,2024-12-26 08:37,74M,026/027 overlap
2024,026_archv.2024_094_13_3z.nc,2025-01-09 23:40,2.4G,026/027 overlap
2024,026_archv.2024_094_14_2d.nc,2024-12-26 08:37,74M,026/027 overlap
2024,026_archv.2024_094_14_3z.nc,2025-01-09 23:40,2.4G,026/027 overlap
2024,026_archv.2024_094_15_2d.nc,2024-12-26 08:37,74M,026/027 overlap
2024,026_archv.2024_094_15_3z.nc,2025-01-09 23:40,2.4G,026/027 overlap
2024,026_archv.2024_094_16_2d.nc,2024-12-26 08:37,74M,026/027 overlap
2024,026_archv.2024_094_16_3z.nc,2025-01-09 23:40,2.4G,026/027 overlap
2024,026_archv.2024_094_17_2d.nc,2024-12-26 08:37,74M,026/027 overlap
2024,026_archv.2024_094_17_3z.nc,2025-01-09 23:40,2.4G,026/027 overlap
2024,026_archv.2024_094_18_2d.nc,2024-12-26 08:37,74M,026/027 overlap
2024,026_archv.2024_094_18_3z.nc,2025-01-09 23:45,2.4G,026/027 overlap
2024,026_archv.2024_094_19_2d.nc,2024-12-26 08:37,74M,026/027 overlap
2024,026_archv.2024_094_19_3z.nc,2025-01-09 23:45,2.4G,026/027 overlap
2024,026_archv.2024_094_20_2d.nc,2024-12-26 08:37,74M,026/027 overlap
2024,026_archv.2024_094_20_3z.nc,2025-01-09 23:45,2.4G,026/027 overlap
2024,026_archv.2024_094_21_2d.nc,2024-12-26 08:37,74M,026/027 overlap
2024,026_archv.2024_094_21_3z.nc,2025-01-09 23:45,2.4G,026/027 overlap
2024,026_archv.2024_094_22_2d.nc,2024-12-26 08:37,74M,026/027 overlap
2024,026_archv.2024_094_22_3z.nc,2025-01-09 23:45,2.4G,026/027 overlap
2024,026_archv.2024_094_23_2d.nc,2024-12-26 08:37,74M,026/027 overlap
2024,026_archv.2024_094_23_3z.nc,2025-01-09 23:45,2.4G,026/027 overlap
2024,026_archv.2024_095_00_2d.nc,2024-12-26 08:38,74M,026/027 overlap
2024,026_archv.2024_095_00_3z.nc,2025-01-09 23:51,2.4G,026/027 overlap
2024,026_archv.2024_095_01_2d.nc,2024-12-26 08:38,74M,026/027 overlap
2024,026_archv.2024_095_01_3z.nc,2025-01-09 23:51,2.4G,026/027 overlap
2024,026_archv.2024_095_02_2d.nc,2024-12-26 08:38,74M,026/027 overlap
2024,026_archv.2024_095_02_3z.nc,2025-01-09 23:51,2.4G,026/027 overlap
2024,026_archv.2024_095_03_2d.nc,2024-12-26 08:38,74M,026/027 overlap
2024,026_archv.2024_095_03_3z.nc,2025-01-09 23:51,2.4G,026/027 overlap
2024,026_archv.2024_095_04_2d.nc,2024-12-26 08:38,74M,026/027 overlap
2024,026_archv.2024_095_04_3z.nc,2025-01-09 23:51,2.4G,026/027 overlap
2024,026_archv.2024_095_05_2d.nc,2024-12-26 08:38,74M,026/027 overlap
2024,026_archv.2024_095_05_3z.nc,2025-01-09 23:51,2.4G,026/027 overlap
2024,026_archv.2024_095_06_2d.nc,2024-12-26 08:38,74M,026/027 overlap
2024,026_archv.2024_095_06_3z.nc,2025-01-09 23:55,2.4G,026/027 overlap
2024,026_archv.2024_095_07_2d.nc,2024-12-26 08:38,74M,026/027 overlap
2024,026_archv.2024_095_07_3z.nc,2025-01-09 23:55,2.4G,026/027 overlap
2024,026_archv.2024_095_08_2d.nc,2024-12-26 08:38,74M,026/027 overlap
2024,026_archv.2024_095_08_3z.nc,2025-01-09 23:55,2.4G,026/027 overlap
2024,026_archv.2024_095_09_2d.nc,2024-12-26 08:38,74M,026/027 overlap
2024,026_archv.2024_095_09_3z.nc,2025-01-09 23:55,2.4G,026/027 overlap
2024,026_archv.2024_095_10_2d.nc,2024-12-26 08:38,74M,026/027 overlap
2024,026_archv.2024_095_10_3z.nc,2025-01-09 23:55,2.4G,026/027 overlap
2024,026_archv.2024_095_11_2d.nc,2024-12-26 08:38,74M,026/027 overlap
2024,026_archv.2024_095_11_3z.nc,2025-01-09 23:56,2.4G,026/027 overlap
2024,026_archv.2024_095_12_2d.nc,2024-12-26 08:38,74M,026/027 overlap
2024,026_archv.2024_095_12_3z.nc,2025-01-10 00:00,2.4G,026/027 overlap
2024,026_archv.2024_095_13_2d.nc,2024-12-26 08:38,74M,026/027 overlap
2024,026_archv.2024_095_13_3z.nc,2025-01-10 00:00,2.4G,026/027 overlap
2024,026_archv.2024_095_14_2d.nc,2024-12-26 08:38,74M,026/027 overlap
2024,026_archv.2024_095_14_3z.nc,2025-01-10 00:00,2.4G,026/027 overlap
2024,026_archv.2024_095_15_2d.nc,2024-12-26 08:38,74M,026/027 overlap
2024,026_archv.2024_095_15_3z.nc,2025-01-10 00:00,2.4G,026/027 overlap
2024,026_archv.2024_095_16_2d.nc,2024-12-26 08:38,74M,026/027 overlap
2024,026_archv.2024_095_16_3z.nc,2025-01-10 00:01,2.4G,026/027 overlap
2024,026_archv.2024_095_17_2d.nc,2024-12-26 08:38,74M,026/027 overlap
2024,026_archv.2024_095_17_3z.nc,2025-01-10 00:01,2.4G,026/027 overlap
2024,026_archv.2024_095_18_2d.nc,2024-12-26 08:38,74M,026/027 overlap
2024,026_archv.2024_095_18_3z.nc,2025-01-10 00:06,2.4G,026/027 overlap
2024,026_archv.2024_095_19_2d.nc,2024-12-26 08:38,74M,026/027 overlap
2024,026_archv.2024_095_19_3z.nc,2025-01-10 00:06,2.4G,026/027 overlap
2024,026_archv.2024_095_20_2d.nc,2024-12-26 08:38,74M,026/027 overlap
2024,026_archv.2024_095_20_3z.nc,2025-01-10 00:06,2.4G,026/027 overlap
2024,026_archv.2024_095_21_2d.nc,2024-12-26 08:38,74M,026/027 overlap
2024,026_archv.2024_095_21_3z.nc,2025-01-10 00:06,2.4G,026/027 overlap
2024,026_archv.2024_095_22_2d.nc,2024-12-26 08:38,74M,026/027 overlap
2024,026_archv.2024_095_22_3z.nc,2025-01-10 00:06,2.4G,026/027 overlap
2024,026_archv.2024_095_23_2d.nc,2024-12-26 08:38,74M,026/027 overlap
2024,026_archv.2024_095_23_3z.nc,2025-01-10 00:06,2.4G,026/027 overlap
2024,026_archv.2024_096_00_2d.nc,2024-12-26 08:39,74M,026/027 overlap
2024,026_archv.2024_096_00_3z.nc,2025-01-10 00:12,2.4G,026/027 overlap
2024,026_archv.2024_096_01_2d.nc,2024-12-26 08:39,74M,026/027 overlap
2024,026_archv.2024_096_01_3z.nc,2025-01-10 00:12,2.4G,026/027 overlap
2024,026_archv.2024_096_02_2d.nc,2024-12-26 08:39,74M,026/027 overlap
2024,026_archv.2024_096_02_3z.nc,2025-01-10 00:12,2.4G,026/027 overlap
2024,026_archv.2024_096_03_2d.nc,2024-12-26 08:39,74M,026/027 overlap
2024,026_archv.2024_096_03_3z.nc,2025-01-10 00:12,2.4G,026/027 overlap
2024,026_archv.2024_096_04_2d.nc,2024-12-26 08:39,74M,026/027 overlap
2024,026_archv.2024_096_04_3z.nc,2025-01-10 00:12,2.4G,026/027 overlap
2024,026_archv.2024_096_05_2d.nc,2024-12-26 08:39,74M,026/027 overlap
2024,026_archv.2024_096_05_3z.nc,2025-01-10 00:12,2.4G,026/027 overlap
2024,026_archv.2024_096_06_2d.nc,2024-12-26 08:39,74M,026/027 overlap
2024,026_archv.2024_096_06_3z.nc,2025-01-10 00:16,2.4G,026/027 overlap
2024,026_archv.2024_096_07_2d.nc,2024-12-26 08:39,74M,026/027 overlap
2024,026_archv.2024_096_07_3z.nc,2025-01-10 00:16,2.4G,026/027 overlap
2024,026_archv.2024_096_08_2d.nc,2024-12-26 08:39,74M,026/027 overlap
2024,026_archv.2024_096_08_3z.nc,2025-01-10 00:16,2.4G,026/027 overlap
2024,026_archv.2024_096_09_2d.nc,2024-12-26 08:39,74M,026/027 overlap
2024,026_archv.2024_096_09_3z.nc,2025-01-10 00:16,2.4G,026/027 overlap
2024,026_archv.2024_096_10_2d.nc,2024-12-26 08:39,74M,026/027 overlap
2024,026_archv.2024_096_10_3z.nc,2025-01-10 00:16,2.4G,026/027 overlap
2024,026_archv.2024_096_11_2d.nc,2024-12-26 08:39,74M,026/027 overlap
2024,026_archv.2024_096_11_3z.nc,2025-01-10 00:16,2.4G,026/027 overlap
2024,026_archv.2024_096_12_2d.nc,2024-12-26 08:39,74M,026/027 overlap
2024,026_archv.2024_096_12_3z.nc,2025-01-10 00:21,2.4G,026/027 overlap
2024,026_archv.2024_096_13_2d.nc,2024-12-26 08:39,74M,026/027 overlap
2024,026_archv.2024_096_13_3z.nc,2025-01-10 00:21,2.4G,026/027 overlap
2024,026_archv.2024_096_14_2d.nc,2024-12-26 08:39,74M,026/027 overlap
2024,026_archv.2024_096_14_3z.nc,2025-01-10 00:21,2.4G,026/027 overlap
2024,026_archv.2024_096_15_2d.nc,2024-12-26 08:39,74M,026/027 overlap
2024,026_archv.2024_096_15_3z.nc,2025-01-10 00:21,2.4G,026/027 overlap
2024,026_archv.2024_096_16_2d.nc,2024-12-26 08:39,74M,026/027 overlap
2024,026_archv.2024_096_16_3z.nc,2025-01-10 00:21,2.4G,026/027 overlap
2024,026_archv.2024_096_17_2d.nc,2024-12-26 08:39,74M,026/027 overlap
2024,026_archv.2024_096_17_3z.nc,2025-01-10 00:21,2.4G,026/027 overlap
2024,026_archv.2024_096_18_2d.nc,2024-12-26 08:39,74M,026/027 overlap
2024,026_archv.2024_096_18_3z.nc,2025-01-10 00:26,2.4G,026/027 overlap
2024,026_archv.2024_096_19_2d.nc,2024-12-26 08:39,74M,026/027 overlap
2024,026_archv.2024_096_19_3z.nc,2025-01-10 00:26,2.4G,026/027 overlap
2024,026_archv.2024_096_20_2d.nc,2024-12-26 08:39,74M,026/027 overlap
2024,026_archv.2024_096_20_3z.nc,2025-01-10 00:26,2.4G,026/027 overlap
2024,026_archv.2024_096_21_2d.nc,2024-12-26 08:39,74M,026/027 overlap
2024,026_archv.2024_096_21_3z.nc,2025-01-10 00:26,2.4G,026/027 overlap
2024,026_archv.2024_096_22_2d.nc,2024-12-26 08:39,74M,026/027 overlap
2024,026_archv.2024_096_22_3z.nc,2025-01-10 00:26,2.4G,026/027 overlap
2024,026_archv.2024_096_23_2d.nc,2024-12-26 08:39,74M,026/027 overlap
2024,026_archv.2024_096_23_3z.nc,2025-01-10 00:26,2.4G,026/027 overlap
2024,026_archv.2024_097_00_2d.nc,2024-12-26 08:40,74M,026/027 overlap
2024,026_archv.2024_097_00_3z.nc,2025-01-10 00:32,2.4G,026/027 overlap
2024,026_archv.2024_097_01_2d.nc,2024-12-26 08:40,74M,026/027 overlap
2024,026_archv.2024_097_01_3z.nc,2025-01-10 00:32,2.4G,026/027 overlap
2024,026_archv.2024_097_02_2d.nc,2024-12-26 08:40,74M,026/027 overlap
2024,026_archv.2024_097_02_3z.nc,2025-01-10 00:32,2.4G,026/027 overlap
2024,026_archv.2024_097_03_2d.nc,2024-12-26 08:40,74M,026/027 overlap
2024,026_archv.2024_097_03_3z.nc,2025-01-10 00:32,2.4G,026/027 overlap
2024,026_archv.2024_097_04_2d.nc,2024-12-26 08:40,74M,026/027 overlap
2024,026_archv.2024_097_04_3z.nc,2025-01-10 00:32,2.4G,026/027 overlap
2024,026_archv.2024_097_05_2d.nc,2024-12-26 08:40,74M,026/027 overlap
2024,026_archv.2024_097_05_3z.nc,2025-01-10 00:32,2.4G,026/027 overlap
2024,026_archv.2024_097_06_2d.nc,2024-12-26 08:40,74M,026/027 overlap
2024,026_archv.2024_097_06_3z.nc,2025-01-10 00:37,2.4G,026/027 overlap
2024,026_archv.2024_097_07_2d.nc,2024-12-26 08:40,74M,026/027 overlap
2024,026_archv.2024_097_07_3z.nc,2025-01-10 00:37,2.4G,026/027 overlap
2024,026_archv.2024_097_08_2d.nc,2024-12-26 08:40,74M,026/027 overlap
2024,026_archv.2024_097_08_3z.nc,2025-01-10 00:37,2.4G,026/027 overlap
2024,026_archv.2024_097_09_2d.nc,2024-12-26 08:40,74M,026/027 overlap
2024,026_archv.2024_097_09_3z.nc,2025-01-10 00:37,2.4G,026/027 overlap
2024,026_archv.2024_097_10_2d.nc,2024-12-26 08:40,74M,026/027 overlap
2024,026_archv.2024_097_10_3z.nc,2025-01-10 00:37,2.4G,026/027 overlap
2024,026_archv.2024_097_11_2d.nc,2024-12-26 08:40,74M,026/027 overlap
2024,026_archv.2024_097_11_3z.nc,2025-01-10 00:37,2.4G,026/027 overlap
2024,026_archv.2024_097_12_2d.nc,2024-12-26 08:40,74M,026/027 overlap
2024,026_archv.2024_097_12_3z.nc,2025-01-10 00:41,2.4G,026/027 overlap
2024,026_archv.2024_097_13_2d.nc,2024-12-26 08:40,74M,026/027 overlap
2024,026_archv.2024_097_13_3z.nc,2025-01-10 00:41,2.4G,026/027 overlap
2024,026_archv.2024_097_14_2d.nc,2024-12-26 08:40,74M,026/027 overlap
2024,026_archv.2024_097_14_3z.nc,2025-01-10 00:41,2.4G,026/027 overlap
2024,026_archv.2024_097_15_2d.nc,2024-12-26 08:40,74M,026/027 overlap
2024,026_archv.2024_097_15_3z.nc,2025-01-10 00:41,2.4G,026/027 overlap
2024,026_archv.2024_097_16_2d.nc,2024-12-26 08:40,74M,026/027 overlap
2024,026_archv.2024_097_16_3z.nc,2025-01-10 00:41,2.4G,026/027 overlap
2024,026_archv.2024_097_17_2d.nc,2024-12-26 08:40,74M,026/027 overlap
2024,026_archv.2024_097_17_3z.nc,2025-01-10 00:42,2.4G,026/027 overlap
2024,026_archv.2024_097_18_2d.nc,2024-12-26 08:40,74M,026/027 overlap
2024,026_archv.2024_097_18_3z.nc,2025-01-10 00:46,2.4G,026/027 overlap
2024,026_archv.2024_097_19_2d.nc,2024-12-26 08:40,74M,026/027 overlap
2024,026_archv.2024_097_19_3z.nc,2025-01-10 00:46,2.4G,026/027 overlap
2024,026_archv.2024_097_20_2d.nc,2024-12-26 08:40,74M,026/027 overlap
2024,026_archv.2024_097_20_3z.nc,2025-01-10 00:46,2.4G,026/027 overlap
2024,026_archv.2024_097_21_2d.nc,2024-12-26 08:40,74M,026/027 overlap
2024,026_archv.2024_097_21_3z.nc,2025-01-10 00:46,2.4G,026/027 overlap
2024,026_archv.2024_097_22_2d.nc,2024-12-26 08:40,74M,026/027 overlap
2024,026_archv.2024_097_22_3z.nc,2025-01-10 00:46,2.4G,026/027 overlap
2024,026_archv.2024_097_23_2d.nc,2024-12-26 08:40,74M,026/027 overlap
2024,026_archv.2024_097_23_3z.nc,2025-01-10 00:46,2.4G,026/027 overlap
2024,026_archv.2024_098_00_2d.nc,2024-12-26 08:41,74M,026/027 overlap
2024,026_archv.2024_098_00_3z.nc,2025-01-10 00:52,2.4G,026/027 overlap
2024,026_archv.2024_098_01_2d.nc,2024-12-26 08:41,74M,026/027 overlap
2024,026_archv.2024_098_01_3z.nc,2025-01-10 00:52,2.4G,026/027 overlap
2024,026_archv.2024_098_02_2d.nc,2024-12-26 08:41,74M,026/027 overlap
2024,026_archv.2024_098_02_3z.nc,2025-01-10 00:52,2.4G,026/027 overlap
2024,026_archv.2024_098_03_2d.nc,2024-12-26 08:41,74M,026/027 overlap
2024,026_archv.2024_098_03_3z.nc,2025-01-10 00:52,2.4G,026/027 overlap
2024,026_archv.2024_098_04_2d.nc,2024-12-26 08:41,74M,026/027 overlap
2024,026_archv.2024_098_04_3z.nc,2025-01-10 00:52,2.4G,026/027 overlap
2024,026_archv.2024_098_05_2d.nc,2024-12-26 08:41,74M,026/027 overlap
2024,026_archv.2024_098_05_3z.nc,2025-01-10 00:52,2.4G,026/027 overlap
2024,026_archv.2024_098_06_2d.nc,2024-12-26 08:41,74M,026/027 overlap
2024,026_archv.2024_098_06_3z.nc,2025-01-10 00:56,2.4G,026/027 overlap
2024,026_archv.2024_098_07_2d.nc,2024-12-26 08:41,74M,026/027 overlap
2024,026_archv.2024_098_07_3z.nc,2025-01-10 00:56,2.4G,026/027 overlap
2024,026_archv.2024_098_08_2d.nc,2024-12-26 08:41,74M,026/027 overlap
2024,026_archv.2024_098_08_3z.nc,2025-01-10 00:57,2.4G,026/027 overlap
2024,026_archv.2024_098_09_2d.nc,2024-12-26 08:41,74M,026/027 overlap
2024,026_archv.2024_098_09_3z.nc,2025-01-10 00:57,2.4G,026/027 overlap
2024,026_archv.2024_098_10_2d.nc,2024-12-26 08:41,74M,026/027 overlap
2024,026_archv.2024_098_10_3z.nc,2025-01-10 00:57,2.4G,026/027 overlap
2024,026_archv.2024_098_11_2d.nc,2024-12-26 08:41,74M,026/027 overlap
2024,026_archv.2024_098_11_3z.nc,2025-01-10 00:57,2.4G,026/027 overlap
2024,026_archv.2024_098_12_2d.nc,2024-12-26 08:41,74M,026/027 overlap
2024,026_archv.2024_098_12_3z.nc,2025-01-10 01:01,2.4G,026/027 overlap
2024,026_archv.2024_098_13_2d.nc,2024-12-26 08:41,74M,026/027 overlap
2024,026_archv.2024_098_13_3z.nc,2025-01-10 01:01,2.4G,026/027 overlap
2024,026_archv.2024_098_14_2d.nc,2024-12-26 08:41,74M,026/027 overlap
2024,026_archv.2024_098_14_3z.nc,2025-01-10 01:01,2.4G,026/027 overlap
2024,026_archv.2024_098_15_2d.nc,2024-12-26 08:41,74M,026/027 overlap
2024,026_archv.2024_098_15_3z.nc,2025-01-10 01:02,2.4G,026/027 overlap
2024,026_archv.2024_098_16_2d.nc,2024-12-26 08:41,74M,026/027 overlap
2024,026_archv.2024_098_16_3z.nc,2025-01-10 01:02,2.4G,026/027 overlap
2024,026_archv.2024_098_17_2d.nc,2024-12-26 08:41,74M,026/027 overlap
2024,026_archv.2024_098_17_3z.nc,2025-01-10 01:02,2.4G,026/027 overlap
2024,026_archv.2024_098_18_2d.nc,2024-12-26 08:41,74M,026/027 overlap
2024,026_archv.2024_098_18_3z.nc,2025-01-10 01:06,2.4G,026/027 overlap
2024,026_archv.2024_098_19_2d.nc,2024-12-26 08:41,74M,026/027 overlap
2024,026_archv.2024_098_19_3z.nc,2025-01-10 01:06,2.4G,026/027 overlap
2024,026_archv.2024_098_20_2d.nc,2024-12-26 08:41,74M,026/027 overlap
2024,026_archv.2024_098_20_3z.nc,2025-01-10 01:06,2.4G,026/027 overlap
2024,026_archv.2024_098_21_2d.nc,2024-12-26 08:41,74M,026/027 overlap
2024,026_archv.2024_098_21_3z.nc,2025-01-10 01:06,2.4G,026/027 overlap
2024,026_archv.2024_098_22_2d.nc,2024-12-26 08:41,74M,026/027 overlap
2024,026_archv.2024_098_22_3z.nc,2025-01-10 01:07,2.4G,026/027 overlap
2024,026_archv.2024_098_23_2d.nc,2024-12-26 08:41,74M,026/027 overlap
2024,026_archv.2024_098_23_3z.nc,2025-01-10 01:07,2.4G,026/027 overlap
2024,026_archv.2024_099_00_2d.nc,2024-12-26 08:42,74M,026/027 overlap
2024,026_archv.2024_099_00_3z.nc,2025-01-10 01:12,2.4G,026/027 overlap
2024,026_archv.2024_099_01_2d.nc,2024-12-26 08:42,74M,026/027 overlap
2024,026_archv.2024_099_01_3z.nc,2025-01-10 01:12,2.4G,026/027 overlap
2024,026_archv.2024_099_02_2d.nc,2024-12-26 08:42,74M,026/027 overlap
2024,026_archv.2024_099_02_3z.nc,2025-01-10 01:12,2.4G,026/027 overlap
2024,026_archv.2024_099_03_2d.nc,2024-12-26 08:42,74M,026/027 overlap
2024,026_archv.2024_099_03_3z.nc,2025-01-10 01:12,2.4G,026/027 overlap
2024,026_archv.2024_099_04_2d.nc,2024-12-26 08:42,74M,026/027 overlap
2024,026_archv.2024_099_04_3z.nc,2025-01-10 01:12,2.4G,026/027 overlap
2024,026_archv.2024_099_05_2d.nc,2024-12-26 08:42,74M,026/027 overlap
2024,026_archv.2024_099_05_3z.nc,2025-01-10 01:12,2.4G,026/027 overlap
2024,026_archv.2024_099_06_2d.nc,2024-12-26 08:42,74M,026/027 overlap
2024,026_archv.2024_099_06_3z.nc,2025-01-10 01:17,2.4G,026/027 overlap
2024,026_archv.2024_099_07_2d.nc,2024-12-26 08:42,74M,026/027 overlap
2024,026_archv.2024_099_07_3z.nc,2025-01-10 01:17,2.4G,026/027 overlap
2024,026_archv.2024_099_08_2d.nc,2024-12-26 08:42,74M,026/027 overlap
2024,026_archv.2024_099_08_3z.nc,2025-01-10 01:17,2.4G,026/027 overlap
2024,026_archv.2024_099_09_2d.nc,2024-12-26 08:42,74M,026/027 overlap
2024,026_archv.2024_099_09_3z.nc,2025-01-10 01:17,2.4G,026/027 overlap
2024,026_archv.2024_099_10_2d.nc,2024-12-26 08:42,74M,026/027 overlap
2024,026_archv.2024_099_10_3z.nc,2025-01-10 01:17,2.4G,026/027 overlap
2024,026_archv.2024_099_11_2d.nc,2024-12-26 08:42,74M,026/027 overlap
2024,026_archv.2024_099_11_3z.nc,2025-01-10 01:17,2.4G,026/027 overlap
2024,026_archv.2024_099_12_2d.nc,2024-12-26 08:42,74M,026/027 overlap
2024,026_archv.2024_099_12_3z.nc,2025-01-10 01:21,2.4G,026/027 overlap
2024,026_archv.2024_099_13_2d.nc,2024-12-26 08:42,74M,026/027 overlap
2024,026_archv.2024_099_13_3z.nc,2025-01-10 01:21,2.4G,026/027 overlap
2024,026_archv.2024_099_14_2d.nc,2024-12-26 08:42,74M,026/027 overlap
2024,026_archv.2024_099_14_3z.nc,2025-01-10 01:21,2.4G,026/027 overlap
2024,026_archv.2024_099_15_2d.nc,2024-12-26 08:42,74M,026/027 overlap
2024,026_archv.2024_099_15_3z.nc,2025-01-10 01:21,2.4G,026/027 overlap
2024,026_archv.2024_099_16_2d.nc,2024-12-26 08:42,74M,026/027 overlap
2024,026_archv.2024_099_16_3z.nc,2025-01-10 01:21,2.4G,026/027 overlap
2024,026_archv.2024_099_17_2d.nc,2024-12-26 08:42,74M,026/027 overlap
2024,026_archv.2024_099_17_3z.nc,2025-01-10 01:21,2.4G,026/027 overlap
2024,026_archv.2024_099_18_2d.nc,2024-12-26 08:42,74M,026/027 overlap
2024,026_archv.2024_099_18_3z.nc,2025-01-10 01:26,2.4G,026/027 overlap
2024,026_archv.2024_099_19_2d.nc,2024-12-26 08:42,74M,026/027 overlap
2024,026_archv.2024_099_19_3z.nc,2025-01-10 01:26,2.4G,026/027 overlap
2024,026_archv.2024_099_20_2d.nc,2024-12-26 08:42,74M,026/027 overlap
2024,026_archv.2024_099_20_3z.nc,2025-01-10 01:26,2.4G,026/027 overlap
2024,026_archv.2024_099_21_2d.nc,2024-12-26 08:42,74M,026/027 overlap
2024,026_archv.2024_099_21_3z.nc,2025-01-10 01:26,2.4G,026/027 overlap
2024,026_archv.2024_099_22_2d.nc,2024-12-26 08:42,74M,026/027 overlap
2024,026_archv.2024_099_22_3z.nc,2025-01-10 01:26,2.4G,026/027 overlap
2024,026_archv.2024_099_23_2d.nc,2024-12-26 08:42,74M,026/027 overlap
2024,026_archv.2024_099_23_3z.nc,2025-01-10 01:26,2.4G,026/027 overlap
2024,026_archv.2024_100_00_2d.nc,2024-12-26 08:43,74M,026/027 overlap
2024,026_archv.2024_100_00_3z.nc,2025-01-10 01:31,2.4G,026/027 overlap
2024,026_archv.2024_100_01_2d.nc,2024-12-26 08:43,74M,026/027 overlap
2024,026_archv.2024_100_01_3z.nc,2025-01-10 01:31,2.4G,026/027 overlap
2024,026_archv.2024_100_02_2d.nc,2024-12-26 08:43,74M,026/027 overlap
2024,026_archv.2024_100_02_3z.nc,2025-01-10 01:31,2.4G,026/027 overlap
2024,026_archv.2024_100_03_2d.nc,2024-12-26 08:43,74M,026/027 overlap
2024,026_archv.2024_100_03_3z.nc,2025-01-10 01:31,2.4G,026/027 overlap
2024,026_archv.2024_100_04_2d.nc,2024-12-26 08:43,74M,026/027 overlap
2024,026_archv.2024_100_04_3z.nc,2025-01-10 01:31,2.4G,026/027 overlap
2024,026_archv.2024_100_05_2d.nc,2024-12-26 08:43,74M,026/027 overlap
2024,026_archv.2024_100_05_3z.nc,2025-01-10 01:31,2.4G,026/027 overlap
2024,026_archv.2024_100_06_2d.nc,2024-12-26 08:43,74M,026/027 overlap
2024,026_archv.2024_100_06_3z.nc,2025-01-10 01:35,2.4G,026/027 overlap
2024,026_archv.2024_100_07_2d.nc,2024-12-26 08:43,74M,026/027 overlap
2024,026_archv.2024_100_07_3z.nc,2025-01-10 01:35,2.4G,026/027 overlap
2024,026_archv.2024_100_08_2d.nc,2024-12-26 08:43,74M,026/027 overlap
2024,026_archv.2024_100_08_3z.nc,2025-01-10 01:35,2.4G,026/027 overlap
2024,026_archv.2024_100_09_2d.nc,2024-12-26 08:43,74M,026/027 overlap
2024,026_archv.2024_100_09_3z.nc,2025-01-10 01:35,2.4G,026/027 overlap
2024,026_archv.2024_100_10_2d.nc,2024-12-26 08:43,74M,026/027 overlap
2024,026_archv.2024_100_10_3z.nc,2025-01-10 01:35,2.4G,026/027 overlap
2024,026_archv.2024_100_11_2d.nc,2024-12-26 08:43,74M,026/027 overlap
2024,026_archv.2024_100_11_3z.nc,2025-01-10 01:35,2.4G,026/027 overlap
2024,026_archv.2024_100_12_2d.nc,2024-12-26 08:43,74M,026/027 overlap
2024,026_archv.2024_100_12_3z.nc,2025-01-10 01:40,2.4G,026/027 overlap
2024,026_archv.2024_100_13_2d.nc,2024-12-26 08:43,74M,026/027 overlap
2024,026_archv.2024_100_13_3z.nc,2025-01-10 01:40,2.4G,026/027 overlap
2024,026_archv.2024_100_14_2d.nc,2024-12-26 08:43,74M,026/027 overlap
2024,026_archv.2024_100_14_3z.nc,2025-01-10 01:40,2.4G,026/027 overlap
2024,026_archv.2024_100_15_2d.nc,2024-12-26 08:43,74M,026/027 overlap
2024,026_archv.2024_100_15_3z.nc,2025-01-10 01:40,2.4G,026/027 overlap
2024,026_archv.2024_100_16_2d.nc,2024-12-26 08:43,74M,026/027 overlap
2024,026_archv.2024_100_16_3z.nc,2025-01-10 01:40,2.4G,026/027 overlap
2024,026_archv.2024_100_17_2d.nc,2024-12-26 08:43,74M,026/027 overlap
2024,026_archv.2024_100_17_3z.nc,2025-01-10 01:40,2.4G,026/027 overlap
2024,026_archv.2024_100_18_2d.nc,2024-12-26 08:43,74M,026/027 overlap
2024,026_archv.2024_100_18_3z.nc,2025-01-10 01:44,2.4G,026/027 overlap
2024,026_archv.2024_100_19_2d.nc,2024-12-26 08:43,74M,026/027 overlap
2024,026_archv.2024_100_19_3z.nc,2025-01-10 01:44,2.4G,026/027 overlap
2024,026_archv.2024_100_20_2d.nc,2024-12-26 08:43,74M,026/027 overlap
2024,026_archv.2024_100_20_3z.nc,2025-01-10 01:44,2.4G,026/027 overlap
2024,026_archv.2024_100_21_2d.nc,2024-12-26 08:43,74M,026/027 overlap
2024,026_archv.2024_100_21_3z.nc,2025-01-10 01:44,2.4G,026/027 overlap
2024,026_archv.2024_100_22_2d.nc,2024-12-26 08:43,74M,026/027 overlap
2024,026_archv.2024_100_22_3z.nc,2025-01-10 01:44,2.4G,026/027 overlap
2024,026_archv.2024_100_23_2d.nc,2024-12-26 08:43,74M,026/027 overlap
2024,026_archv.2024_100_23_3z.nc,2025-01-10 01:44,2.4G,026/027 overlap
2024,026_archv.2024_101_00_2d.nc,2024-12-26 08:44,74M,026/027 overlap
2024,026_archv.2024_101_00_3z.nc,2025-01-10 01:49,2.4G,026/027 overlap
2024,026_archv.2024_101_01_2d.nc,2024-12-26 08:44,74M,026/027 overlap
2024,026_archv.2024_101_01_3z.nc,2025-01-10 01:49,2.4G,026/027 overlap
2024,026_archv.2024_101_02_2d.nc,2024-12-26 08:44,74M,026/027 overlap
2024,026_archv.2024_101_02_3z.nc,2025-01-10 01:49,2.4G,026/027 overlap
2024,026_archv.2024_101_03_2d.nc,2024-12-26 08:44,74M,026/027 overlap
2024,026_archv.2024_101_03_3z.nc,2025-01-10 01:49,2.4G,026/027 overlap
2024,026_archv.2024_101_04_2d.nc,2024-12-26 08:44,74M,026/027 overlap
2024,026_archv.2024_101_04_3z.nc,2025-01-10 01:49,2.4G,026/027 overlap
2024,026_archv.2024_101_05_2d.nc,2024-12-26 08:44,74M,026/027 overlap
2024,026_archv.2024_101_05_3z.nc,2025-01-10 01:49,2.4G,026/027 overlap
2024,026_archv.2024_101_06_2d.nc,2024-12-26 08:44,74M,026/027 overlap
2024,026_archv.2024_101_06_3z.nc,2025-01-10 01:54,2.4G,026/027 overlap
2024,026_archv.2024_101_07_2d.nc,2024-12-26 08:44,74M,026/027 overlap
2024,026_archv.2024_101_07_3z.nc,2025-01-10 01:54,2.4G,026/027 overlap
2024,026_archv.2024_101_08_2d.nc,2024-12-26 08:44,74M,026/027 overlap
2024,026_archv.2024_101_08_3z.nc,2025-01-10 01:54,2.4G,026/027 overlap
2024,026_archv.2024_101_09_2d.nc,2024-12-26 08:44,74M,026/027 overlap
2024,026_archv.2024_101_09_3z.nc,2025-01-10 01:54,2.4G,026/027 overlap
2024,026_archv.2024_101_10_2d.nc,2024-12-26 08:44,74M,026/027 overlap
2024,026_archv.2024_101_10_3z.nc,2025-01-10 01:54,2.4G,026/027 overlap
2024,026_archv.2024_101_11_2d.nc,2024-12-26 08:44,74M,026/027 overlap
2024,026_archv.2024_101_11_3z.nc,2025-01-10 01:54,2.4G,026/027 overlap
2024,026_archv.2024_101_12_2d.nc,2024-12-26 08:44,74M,026/027 overlap
2024,026_archv.2024_101_12_3z.nc,2025-01-10 01:58,2.4G,026/027 overlap
2024,026_archv.2024_101_13_2d.nc,2024-12-26 08:44,74M,026/027 overlap
2024,026_archv.2024_101_13_3z.nc,2025-01-10 01:58,2.4G,026/027 overlap
2024,026_archv.2024_101_14_2d.nc,2024-12-26 08:44,74M,026/027 overlap
2024,026_archv.2024_101_14_3z.nc,2025-01-10 01:58,2.4G,026/027 overlap
2024,026_archv.2024_101_15_2d.nc,2024-12-26 08:44,74M,026/027 overlap
2024,026_archv.2024_101_15_3z.nc,2025-01-10 01:58,2.4G,026/027 overlap
2024,026_archv.2024_101_16_2d.nc,2024-12-26 08:44,74M,026/027 overlap
2024,026_archv.2024_101_16_3z.nc,2025-01-10 01:58,2.4G,026/027 overlap
2024,026_archv.2024_101_17_2d.nc,2024-12-26 08:44,74M,026/027 overlap
2024,026_archv.2024_101_17_3z.nc,2025-01-10 01:58,2.4G,026/027 overlap
2024,026_archv.2024_101_18_2d.nc,2024-12-26 08:44,74M,026/027 overlap
2024,026_archv.2024_101_18_3z.nc,2025-01-10 02:02,2.4G,026/027 overlap
2024,026_archv.2024_101_19_2d.nc,2024-12-26 08:44,74M,026/027 overlap
2024,026_archv.2024_101_19_3z.nc,2025-01-10 02:03,2.4G,026/027 overlap
2024,026_archv.2024_101_20_2d.nc,2024-12-26 08:44,74M,026/027 overlap
2024,026_archv.2024_101_20_3z.nc,2025-01-10 02:03,2.4G,026/027 overlap
2024,026_archv.2024_101_21_2d.nc,2024-12-26 08:44,74M,026/027 overlap
2024,026_archv.2024_101_21_3z.nc,2025-01-10 02:03,2.4G,026/027 overlap
2024,026_archv.2024_101_22_2d.nc,2024-12-26 08:44,74M,026/027 overlap
2024,026_archv.2024_101_22_3z.nc,2025-01-10 02:03,2.4G,026/027 overlap
2024,026_archv.2024_101_23_2d.nc,2024-12-26 08:44,74M,026/027 overlap
2024,026_archv.2024_101_23_3z.nc,2025-01-10 02:03,2.4G,026/027 overlap
2024,026_archv.2024_102_00_2d.nc,2024-12-26 08:45,74M,026/027 overlap
2024,026_archv.2024_102_00_3z.nc,2025-01-10 02:07,2.4G,026/027 overlap
2024,026_archv.2024_102_01_2d.nc,2024-12-26 08:45,74M,026/027 overlap
2024,026_archv.2024_102_01_3z.nc,2025-01-10 02:07,2.4G,026/027 overlap
2024,026_archv.2024_102_02_2d.nc,2024-12-26 08:45,74M,026/027 overlap
2024,026_archv.2024_102_02_3z.nc,2025-01-10 02:07,2.4G,026/027 overlap
2024,026_archv.2024_102_03_2d.nc,2024-12-26 08:45,74M,026/027 overlap
2024,026_archv.2024_102_03_3z.nc,2025-01-10 02:08,2.4G,026/027 overlap
2024,026_archv.2024_102_04_2d.nc,2024-12-26 08:45,74M,026/027 overlap
2024,026_archv.2024_102_04_3z.nc,2025-01-10 02:08,2.4G,026/027 overlap
2024,026_archv.2024_102_05_2d.nc,2024-12-26 08:45,74M,026/027 overlap
2024,026_archv.2024_102_05_3z.nc,2025-01-10 02:08,2.4G,026/027 overlap
2024,026_archv.2024_102_06_2d.nc,2024-12-26 08:45,74M,026/027 overlap
2024,026_archv.2024_102_06_3z.nc,2025-01-10 02:12,2.4G,026/027 overlap
2024,026_archv.2024_102_07_2d.nc,2024-12-26 08:45,74M,026/027 overlap
2024,026_archv.2024_102_07_3z.nc,2025-01-10 02:12,2.4G,026/027 overlap
2024,026_archv.2024_102_08_2d.nc,2024-12-26 08:45,74M,026/027 overlap
2024,026_archv.2024_102_08_3z.nc,2025-01-10 02:12,2.4G,026/027 overlap
2024,026_archv.2024_102_09_2d.nc,2024-12-26 08:45,74M,026/027 overlap
2024,026_archv.2024_102_09_3z.nc,2025-01-10 02:12,2.4G,026/027 overlap
2024,026_archv.2024_102_10_2d.nc,2024-12-26 08:45,74M,026/027 overlap
2024,026_archv.2024_102_10_3z.nc,2025-01-10 02:12,2.4G,026/027 overlap
2024,026_archv.2024_102_11_2d.nc,2024-12-26 08:45,74M,026/027 overlap
2024,026_archv.2024_102_11_3z.nc,2025-01-10 02:12,2.4G,026/027 overlap
2024,026_archv.2024_102_12_2d.nc,2024-12-26 08:45,74M,026/027 overlap
2024,026_archv.2024_102_12_3z.nc,2025-01-10 02:16,2.4G,026/027 overlap
2024,026_archv.2024_102_13_2d.nc,2024-12-26 08:45,74M,026/027 overlap
2024,026_archv.2024_102_13_3z.nc,2025-01-10 02:16,2.4G,026/027 overlap
2024,026_archv.2024_102_14_2d.nc,2024-12-26 08:45,74M,026/027 overlap
2024,026_archv.2024_102_14_3z.nc,2025-01-10 02:16,2.4G,026/027 overlap
2024,026_archv.2024_102_15_2d.nc,2024-12-26 08:45,74M,026/027 overlap
2024,026_archv.2024_102_15_3z.nc,2025-01-10 02:16,2.4G,026/027 overlap
2024,026_archv.2024_102_16_2d.nc,2024-12-26 08:45,74M,026/027 overlap
2024,026_archv.2024_102_16_3z.nc,2025-01-10 02:16,2.4G,026/027 overlap
2024,026_archv.2024_102_17_2d.nc,2024-12-26 08:45,74M,026/027 overlap
2024,026_archv.2024_102_17_3z.nc,2025-01-10 02:16,2.4G,026/027 overlap
2024,026_archv.2024_102_18_2d.nc,2024-12-26 08:45,74M,026/027 overlap
2024,026_archv.2024_102_18_3z.nc,2025-01-10 02:21,2.4G,026/027 overlap
2024,026_archv.2024_102_19_2d.nc,2024-12-26 08:45,74M,026/027 overlap
2024,026_archv.2024_102_19_3z.nc,2025-01-10 02:21,2.4G,026/027 overlap
2024,026_archv.2024_102_20_2d.nc,2024-12-26 08:45,74M,026/027 overlap
2024,026_archv.2024_102_20_3z.nc,2025-01-10 02:21,2.4G,026/027 overlap
2024,026_archv.2024_102_21_2d.nc,2024-12-26 08:45,74M,026/027 overlap
2024,026_archv.2024_102_21_3z.nc,2025-01-10 02:21,2.4G,026/027 overlap
2024,026_archv.2024_102_22_2d.nc,2024-12-26 08:45,74M,026/027 overlap
2024,026_archv.2024_102_22_3z.nc,2025-01-10 02:21,2.4G,026/027 overlap
2024,026_archv.2024_102_23_2d.nc,2024-12-26 08:45,74M,026/027 overlap
2024,026_archv.2024_102_23_3z.nc,2025-01-10 02:21,2.4G,026/027 overlap
2024,026_archv.2024_103_00_2d.nc,2024-12-26 08:46,74M,026/027 overlap
2024,026_archv.2024_103_00_3z.nc,2025-01-10 02:27,2.4G,026/027 overlap
2024,026_archv.2024_103_01_2d.nc,2024-12-26 08:46,74M,026/027 overlap
2024,026_archv.2024_103_01_3z.nc,2025-01-10 02:27,2.4G,026/027 overlap
2024,026_archv.2024_103_02_2d.nc,2024-12-26 08:46,74M,026/027 overlap
2024,026_archv.2024_103_02_3z.nc,2025-01-10 02:27,2.4G,026/027 overlap
2024,026_archv.2024_103_03_2d.nc,2024-12-26 08:46,74M,026/027 overlap
2024,026_archv.2024_103_03_3z.nc,2025-01-10 02:27,2.4G,026/027 overlap
2024,026_archv.2024_103_04_2d.nc,2024-12-26 08:46,74M,026/027 overlap
2024,026_archv.2024_103_04_3z.nc,2025-01-10 02:27,2.4G,026/027 overlap
2024,026_archv.2024_103_05_2d.nc,2024-12-26 08:46,74M,026/027 overlap
2024,026_archv.2024_103_05_3z.nc,2025-01-10 02:27,2.4G,026/027 overlap
2024,026_archv.2024_103_06_2d.nc,2024-12-26 08:46,74M,026/027 overlap
2024,026_archv.2024_103_06_3z.nc,2025-01-10 02:31,2.4G,026/027 overlap
2024,026_archv.2024_103_07_2d.nc,2024-12-26 08:46,74M,026/027 overlap
2024,026_archv.2024_103_07_3z.nc,2025-01-10 02:31,2.4G,026/027 overlap
2024,026_archv.2024_103_08_2d.nc,2024-12-26 08:46,74M,026/027 overlap
2024,026_archv.2024_103_08_3z.nc,2025-01-10 02:31,2.4G,026/027 overlap
2024,026_archv.2024_103_09_2d.nc,2024-12-26 08:46,74M,026/027 overlap
2024,026_archv.2024_103_09_3z.nc,2025-01-10 02:31,2.4G,026/027 overlap
2024,026_archv.2024_103_10_2d.nc,2024-12-26 08:46,74M,026/027 overlap
2024,026_archv.2024_103_10_3z.nc,2025-01-10 02:31,2.4G,026/027 overlap
2024,026_archv.2024_103_11_2d.nc,2024-12-26 08:46,74M,026/027 overlap
2024,026_archv.2024_103_11_3z.nc,2025-01-10 02:31,2.4G,026/027 overlap
2024,026_archv.2024_103_12_2d.nc,2024-12-26 08:46,74M,026/027 overlap
2024,026_archv.2024_103_12_3z.nc,2025-01-10 02:35,2.4G,026/027 overlap
2024,026_archv.2024_103_13_2d.nc,2024-12-26 08:46,74M,026/027 overlap
2024,026_archv.2024_103_13_3z.nc,2025-01-10 02:36,2.4G,026/027 overlap
2024,026_archv.2024_103_14_2d.nc,2024-12-26 08:46,74M,026/027 overlap
2024,026_archv.2024_103_14_3z.nc,2025-01-10 02:36,2.4G,026/027 overlap
2024,026_archv.2024_103_15_2d.nc,2024-12-26 08:46,74M,026/027 overlap
2024,026_archv.2024_103_15_3z.nc,2025-01-10 02:36,2.4G,026/027 overlap
2024,026_archv.2024_103_16_2d.nc,2024-12-26 08:47,74M,026/027 overlap
2024,026_archv.2024_103_16_3z.nc,2025-01-10 02:36,2.4G,026/027 overlap
2024,026_archv.2024_103_17_2d.nc,2024-12-26 08:47,74M,026/027 overlap
2024,026_archv.2024_103_17_3z.nc,2025-01-10 02:36,2.4G,026/027 overlap
2024,026_archv.2024_103_18_2d.nc,2024-12-26 08:47,74M,026/027 overlap
2024,026_archv.2024_103_18_3z.nc,2025-01-10 02:40,2.4G,026/027 overlap
2024,026_archv.2024_103_19_2d.nc,2024-12-26 08:47,74M,026/027 overlap
2024,026_archv.2024_103_19_3z.nc,2025-01-10 02:40,2.4G,026/027 overlap
2024,026_archv.2024_103_20_2d.nc,2024-12-26 08:47,74M,026/027 overlap
2024,026_archv.2024_103_20_3z.nc,2025-01-10 02:40,2.4G,026/027 overlap
2024,026_archv.2024_103_21_2d.nc,2024-12-26 08:47,74M,026/027 overlap
2024,026_archv.2024_103_21_3z.nc,2025-01-10 02:40,2.4G,026/027 overlap
2024,026_archv.2024_103_22_2d.nc,2024-12-26 08:47,74M,026/027 overlap
2024,026_archv.2024_103_22_3z.nc,2025-01-10 02:40,2.4G,026/027 overlap
2024,026_archv.2024_103_23_2d.nc,2024-12-26 08:47,74M,026/027 overlap
2024,026_archv.2024_103_23_3z.nc,2025-01-10 02:40,2.4G,026/027 overlap
2024,026_archv.2024_104_00_2d.nc,2024-12-26 08:47,74M,026/027 overlap
2024,026_archv.2024_104_00_3z.nc,2025-01-10 02:46,2.4G,026/027 overlap
2024,026_archv.2024_104_01_2d.nc,2024-12-26 08:47,74M,026/027 overlap
2024,026_archv.2024_104_01_3z.nc,2025-01-10 02:46,2.4G,026/027 overlap
2024,026_archv.2024_104_02_2d.nc,2024-12-26 08:47,74M,026/027 overlap
2024,026_archv.2024_104_02_3z.nc,2025-01-10 02:46,2.4G,026/027 overlap
2024,026_archv.2024_104_03_2d.nc,2024-12-26 08:47,74M,026/027 overlap
2024,026_archv.2024_104_03_3z.nc,2025-01-10 02:46,2.4G,026/027 overlap
2024,026_archv.2024_104_04_2d.nc,2024-12-26 08:47,74M,026/027 overlap
2024,026_archv.2024_104_04_3z.nc,2025-01-10 02:46,2.4G,026/027 overlap
2024,026_archv.2024_104_05_2d.nc,2024-12-26 08:47,74M,026/027 overlap
2024,026_archv.2024_104_05_3z.nc,2025-01-10 02:46,2.4G,026/027 overlap
2024,026_archv.2024_104_06_2d.nc,2024-12-26 08:47,74M,026/027 overlap
2024,026_archv.2024_104_06_3z.nc,2025-01-10 02:50,2.4G,026/027 overlap
2024,026_archv.2024_104_07_2d.nc,2024-12-26 08:47,74M,026/027 overlap
2024,026_archv.2024_104_07_3z.nc,2025-01-10 02:50,2.4G,026/027 overlap
2024,026_archv.2024_104_08_2d.nc,2024-12-26 08:47,74M,026/027 overlap
2024,026_archv.2024_104_08_3z.nc,2025-01-10 02:50,2.4G,026/027 overlap
2024,026_archv.2024_104_09_2d.nc,2024-12-26 08:47,74M,026/027 overlap
2024,026_archv.2024_104_09_3z.nc,2025-01-10 02:51,2.4G,026/027 overlap
2024,026_archv.2024_104_10_2d.nc,2024-12-26 08:47,74M,026/027 overlap
2024,026_archv.2024_104_10_3z.nc,2025-01-10 02:51,2.4G,026/027 overlap
2024,026_archv.2024_104_11_2d.nc,2024-12-26 08:47,74M,026/027 overlap
2024,026_archv.2024_104_11_3z.nc,2025-01-10 02:51,2.4G,026/027 overlap
2024,026_archv.2024_104_12_2d.nc,2024-12-26 08:47,74M,026/027 overlap
2024,026_archv.2024_104_12_3z.nc,2025-01-10 02:55,2.4G,026/027 overlap
2024,026_archv.2024_104_13_2d.nc,2024-12-26 08:47,74M,026/027 overlap
2024,026_archv.2024_104_13_3z.nc,2025-01-10 02:55,2.4G,026/027 overlap
2024,026_archv.2024_104_14_2d.nc,2024-12-26 08:47,74M,026/027 overlap
2024,026_archv.2024_104_14_3z.nc,2025-01-10 02:55,2.4G,026/027 overlap
2024,026_archv.2024_104_15_2d.nc,2024-12-26 08:47,74M,026/027 overlap
2024,026_archv.2024_104_15_3z.nc,2025-01-10 02:55,2.4G,026/027 overlap
2024,026_archv.2024_104_16_2d.nc,2024-12-26 08:47,74M,026/027 overlap
2024,026_archv.2024_104_16_3z.nc,2025-01-10 02:55,2.4G,026/027 overlap
2024,026_archv.2024_104_17_2d.nc,2024-12-26 08:47,74M,026/027 overlap
2024,026_archv.2024_104_17_3z.nc,2025-01-10 02:55,2.4G,026/027 overlap
2024,026_archv.2024_104_18_2d.nc,2024-12-26 08:47,74M,026/027 overlap
2024,026_archv.2024_104_18_3z.nc,2025-01-10 03:00,2.4G,026/027 overlap
2024,026_archv.2024_104_19_2d.nc,2024-12-26 08:47,74M,026/027 overlap
2024,026_archv.2024_104_19_3z.nc,2025-01-10 03:00,2.4G,026/027 overlap
2024,026_archv.2024_104_20_2d.nc,2024-12-26 08:47,74M,026/027 overlap
2024,026_archv.2024_104_20_3z.nc,2025-01-10 03:00,2.4G,026/027 overlap
2024,026_archv.2024_104_21_2d.nc,2024-12-26 08:47,74M,026/027 overlap
2024,026_archv.2024_104_21_3z.nc,2025-01-10 03:00,2.4G,026/027 overlap
2024,026_archv.2024_104_22_2d.nc,2024-12-26 08:47,74M,026/027 overlap
2024,026_archv.2024_104_22_3z.nc,2025-01-10 03:00,2.4G,026/027 overlap
2024,026_archv.2024_104_23_2d.nc,2024-12-26 08:47,74M,026/027 overlap
2024,026_archv.2024_104_23_3z.nc,2025-01-10 03:00,2.4G,026/027 overlap
2024,026_archv.2024_105_00_2d.nc,2024-12-26 08:48,74M,026/027 overlap
2024,026_archv.2024_105_00_3z.nc,2025-01-10 03:05,2.4G,026/027 overlap
2024,026_archv.2024_105_01_2d.nc,2024-12-26 08:48,74M,026/027 overlap
2024,026_archv.2024_105_01_3z.nc,2025-01-10 03:05,2.4G,026/027 overlap
2024,026_archv.2024_105_02_2d.nc,2024-12-26 08:48,74M,026/027 overlap
2024,026_archv.2024_105_02_3z.nc,2025-01-10 03:05,2.4G,026/027 overlap
2024,026_archv.2024_105_03_2d.nc,2024-12-26 08:48,74M,026/027 overlap
2024,026_archv.2024_105_03_3z.nc,2025-01-10 03:05,2.4G,026/027 overlap
2024,026_archv.2024_105_04_2d.nc,2024-12-26 08:48,74M,026/027 overlap
2024,026_archv.2024_105_04_3z.nc,2025-01-10 03:06,2.4G,026/027 overlap
2024,026_archv.2024_105_05_2d.nc,2024-12-26 08:48,74M,026/027 overlap
2024,026_archv.2024_105_05_3z.nc,2025-01-10 03:06,2.4G,026/027 overlap
2024,026_archv.2024_105_06_2d.nc,2024-12-26 08:48,74M,026/027 overlap
2024,026_archv.2024_105_06_3z.nc,2025-01-10 03:10,2.4G,026/027 overlap
2024,026_archv.2024_105_07_2d.nc,2024-12-26 08:48,74M,026/027 overlap
2024,026_archv.2024_105_07_3z.nc,2025-01-10 03:10,2.4G,026/027 overlap
2024,026_archv.2024_105_08_2d.nc,2024-12-26 08:48,74M,026/027 overlap
2024,026_archv.2024_105_08_3z.nc,2025-01-10 03:10,2.4G,026/027 overlap
2024,026_archv.2024_105_09_2d.nc,2024-12-26 08:48,74M,026/027 overlap
2024,026_archv.2024_105_09_3z.nc,2025-01-10 03:10,2.4G,026/027 overlap
2024,026_archv.2024_105_10_2d.nc,2024-12-26 08:48,74M,026/027 overlap
2024,026_archv.2024_105_10_3z.nc,2025-01-10 03:10,2.4G,026/027 overlap
2024,026_archv.2024_105_11_2d.nc,2024-12-26 08:48,74M,026/027 overlap
2024,026_archv.2024_105_11_3z.nc,2025-01-10 03:10,2.4G,026/027 overlap
2024,026_archv.2024_105_12_2d.nc,2024-12-26 08:48,74M,026/027 overlap
2024,026_archv.2024_105_12_3z.nc,2025-01-10 03:15,2.4G,026/027 overlap
2024,026_archv.2024_105_13_2d.nc,2024-12-26 08:48,74M,026/027 overlap
2024,026_archv.2024_105_13_3z.nc,2025-01-10 03:15,2.4G,026/027 overlap
2024,026_archv.2024_105_14_2d.nc,2024-12-26 08:48,74M,026/027 overlap
2024,026_archv.2024_105_14_3z.nc,2025-01-10 03:15,2.4G,026/027 overlap
2024,026_archv.2024_105_15_2d.nc,2024-12-26 08:48,74M,026/027 overlap
2024,026_archv.2024_105_15_3z.nc,2025-01-10 03:15,2.4G,026/027 overlap
2024,026_archv.2024_105_16_2d.nc,2024-12-26 08:48,74M,026/027 overlap
2024,026_archv.2024_105_16_3z.nc,2025-01-10 03:15,2.4G,026/027 overlap
2024,026_archv.2024_105_17_2d.nc,2024-12-26 08:48,74M,026/027 overlap
2024,026_archv.2024_105_17_3z.nc,2025-01-10 03:15,2.4G,026/027 overlap
2024,026_archv.2024_105_18_2d.nc,2024-12-26 08:48,74M,026/027 overlap
2024,026_archv.2024_105_18_3z.nc,2025-01-10 03:20,2.4G,026/027 overlap
2024,026_archv.2024_105_19_2d.nc,2024-12-26 08:48,74M,026/027 overlap
2024,026_archv.2024_105_19_3z.nc,2025-01-10 03:20,2.4G,026/027 overlap
2024,026_archv.2024_105_20_2d.nc,2024-12-26 08:48,74M,026/027 overlap
2024,026_archv.2024_105_20_3z.nc,2025-01-10 03:20,2.4G,026/027 overlap
2024,026_archv.2024_105_21_2d.nc,2024-12-26 08:48,74M,026/027 overlap
2024,026_archv.2024_105_21_3z.nc,2025-01-10 03:20,2.4G,026/027 overlap
2024,026_archv.2024_105_22_2d.nc,2024-12-26 08:48,74M,026/027 overlap
2024,026_archv.2024_105_22_3z.nc,2025-01-10 03:20,2.4G,026/027 overlap
2024,026_archv.2024_105_23_2d.nc,2024-12-26 08:48,74M,026/027 overlap
2024,026_archv.2024_105_23_3z.nc,2025-01-10 03:20,2.4G,026/027 overlap
2024,026_archv.2024_106_00_2d.nc,2024-12-26 08:49,74M,026/027 overlap
2024,026_archv.2024_106_00_3z.nc,2025-01-10 03:25,2.4G,026/027 overlap
2024,026_archv.2024_106_01_2d.nc,2024-12-26 08:49,74M,026/027 overlap
2024,026_archv.2024_106_01_3z.nc,2025-01-10 03:25,2.4G,026/027 overlap
2024,026_archv.2024_106_02_2d.nc,2024-12-26 08:50,74M,026/027 overlap
2024,026_archv.2024_106_02_3z.nc,2025-01-10 03:26,2.4G,026/027 overlap
2024,026_archv.2024_106_03_2d.nc,2024-12-26 08:50,74M,026/027 overlap
2024,026_archv.2024_106_03_3z.nc,2025-01-10 03:26,2.4G,026/027 overlap
2024,026_archv.2024_106_04_2d.nc,2024-12-26 08:50,74M,026/027 overlap
2024,026_archv.2024_106_04_3z.nc,2025-01-10 03:26,2.4G,026/027 overlap
2024,026_archv.2024_106_05_2d.nc,2024-12-26 08:50,74M,026/027 overlap
2024,026_archv.2024_106_05_3z.nc,2025-01-10 03:26,2.4G,026/027 overlap
2024,026_archv.2024_106_06_2d.nc,2024-12-26 08:50,74M,026/027 overlap
2024,026_archv.2024_106_06_3z.nc,2025-01-10 03:30,2.4G,026/027 overlap
2024,026_archv.2024_106_07_2d.nc,2024-12-26 08:50,74M,026/027 overlap
2024,026_archv.2024_106_07_3z.nc,2025-01-10 03:30,2.4G,026/027 overlap
2024,026_archv.2024_106_08_2d.nc,2024-12-26 08:50,74M,026/027 overlap
2024,026_archv.2024_106_08_3z.nc,2025-01-10 03:30,2.4G,026/027 overlap
2024,026_archv.2024_106_09_2d.nc,2024-12-26 08:50,74M,026/027 overlap
2024,026_archv.2024_106_09_3z.nc,2025-01-10 03:30,2.4G,026/027 overlap
2024,026_archv.2024_106_10_2d.nc,2024-12-26 08:50,74M,026/027 overlap
2024,026_archv.2024_106_10_3z.nc,2025-01-10 03:30,2.4G,026/027 overlap
2024,026_archv.2024_106_11_2d.nc,2024-12-26 08:50,74M,026/027 overlap
2024,026_archv.2024_106_11_3z.nc,2025-01-10 03:30,2.4G,026/027 overlap
2024,026_archv.2024_106_12_2d.nc,2024-12-26 08:50,74M,026/027 overlap
2024,026_archv.2024_106_12_3z.nc,2025-01-10 03:35,2.4G,026/027 overlap
2024,026_archv.2024_106_13_2d.nc,2024-12-26 08:50,74M,026/027 overlap
2024,026_archv.2024_106_13_3z.nc,2025-01-10 03:35,2.4G,026/027 overlap
2024,026_archv.2024_106_14_2d.nc,2024-12-26 08:50,74M,026/027 overlap
2024,026_archv.2024_106_14_3z.nc,2025-01-10 03:35,2.4G,026/027 overlap
2024,026_archv.2024_106_15_2d.nc,2024-12-26 08:50,74M,026/027 overlap
2024,026_archv.2024_106_15_3z.nc,2025-01-10 03:35,2.4G,026/027 overlap
2024,026_archv.2024_106_16_2d.nc,2024-12-26 08:50,74M,026/027 overlap
2024,026_archv.2024_106_16_3z.nc,2025-01-10 03:35,2.4G,026/027 overlap
2024,026_archv.2024_106_17_2d.nc,2024-12-26 08:50,74M,026/027 overlap
2024,026_archv.2024_106_17_3z.nc,2025-01-10 03:35,2.4G,026/027 overlap
2024,026_archv.2024_106_18_2d.nc,2024-12-26 08:50,74M,026/027 overlap
2024,026_archv.2024_106_18_3z.nc,2025-01-10 03:40,2.4G,026/027 overlap
2024,026_archv.2024_106_19_2d.nc,2024-12-26 08:50,74M,026/027 overlap
2024,026_archv.2024_106_19_3z.nc,2025-01-10 03:40,2.4G,026/027 overlap
2024,026_archv.2024_106_20_2d.nc,2024-12-26 08:50,74M,026/027 overlap
2024,026_archv.2024_106_20_3z.nc,2025-01-10 03:40,2.4G,026/027 overlap
2024,026_archv.2024_106_21_2d.nc,2024-12-26 08:50,74M,026/027 overlap
2024,026_archv.2024_106_21_3z.nc,2025-01-10 03:40,2.4G,026/027 overlap
2024,026_archv.2024_106_22_2d.nc,2024-12-26 08:50,74M,026/027 overlap
2024,026_archv.2024_106_22_3z.nc,2025-01-10 03:40,2.4G,026/027 overlap
2024,026_archv.2024_106_23_2d.nc,2024-12-26 08:50,74M,026/027 overlap
2024,026_archv.2024_106_23_3z.nc,2025-01-10 03:40,2.4G,026/027 overlap
2024,026_archv.2024_107_00_2d.nc,2024-12-26 08:51,74M,026/027 overlap
2024,026_archv.2024_107_00_3z.nc,2025-01-10 03:45,2.4G,026/027 overlap
2024,026_archv.2024_107_01_2d.nc,2024-12-26 08:51,74M,026/027 overlap
2024,026_archv.2024_107_01_3z.nc,2025-01-10 03:45,2.4G,026/027 overlap
2024,026_archv.2024_107_02_2d.nc,2024-12-26 08:51,74M,026/027 overlap
2024,026_archv.2024_107_02_3z.nc,2025-01-10 03:45,2.4G,026/027 overlap
2024,026_archv.2024_107_03_2d.nc,2024-12-26 08:51,74M,026/027 overlap
2024,026_archv.2024_107_03_3z.nc,2025-01-10 03:45,2.4G,026/027 overlap
2024,026_archv.2024_107_04_2d.nc,2024-12-26 08:51,74M,026/027 overlap
2024,026_archv.2024_107_04_3z.nc,2025-01-10 03:45,2.4G,026/027 overlap
2024,026_archv.2024_107_05_2d.nc,2024-12-26 08:51,74M,026/027 overlap
2024,026_archv.2024_107_05_3z.nc,2025-01-10 03:45,2.4G,026/027 overlap
2024,026_archv.2024_107_06_2d.nc,2024-12-26 08:51,74M,026/027 overlap
2024,026_archv.2024_107_06_3z.nc,2025-01-10 03:49,2.4G,026/027 overlap
2024,026_archv.2024_107_07_2d.nc,2024-12-26 08:51,74M,026/027 overlap
2024,026_archv.2024_107_07_3z.nc,2025-01-10 03:49,2.4G,026/027 overlap
2024,026_archv.2024_107_08_2d.nc,2024-12-26 08:51,74M,026/027 overlap
2024,026_archv.2024_107_08_3z.nc,2025-01-10 03:50,2.4G,026/027 overlap
2024,026_archv.2024_107_09_2d.nc,2024-12-26 08:51,74M,026/027 overlap
2024,026_archv.2024_107_09_3z.nc,2025-01-10 03:50,2.4G,026/027 overlap
2024,026_archv.2024_107_10_2d.nc,2024-12-26 08:51,74M,026/027 overlap
2024,026_archv.2024_107_10_3z.nc,2025-01-10 03:50,2.4G,026/027 overlap
2024,026_archv.2024_107_11_2d.nc,2024-12-26 08:51,74M,026/027 overlap
2024,026_archv.2024_107_11_3z.nc,2025-01-10 03:50,2.4G,026/027 overlap
2024,026_archv.2024_107_12_2d.nc,2024-12-26 08:51,74M,026/027 overlap
2024,026_archv.2024_107_12_3z.nc,2025-01-10 03:54,2.4G,026/027 overlap
2024,026_archv.2024_107_13_2d.nc,2024-12-26 08:51,74M,026/027 overlap
2024,026_archv.2024_107_13_3z.nc,2025-01-10 03:54,2.4G,026/027 overlap
2024,026_archv.2024_107_14_2d.nc,2024-12-26 08:51,74M,026/027 overlap
2024,026_archv.2024_107_14_3z.nc,2025-01-10 03:54,2.4G,026/027 overlap
2024,026_archv.2024_107_15_2d.nc,2024-12-26 08:51,74M,026/027 overlap
2024,026_archv.2024_107_15_3z.nc,2025-01-10 03:54,2.4G,026/027 overlap
2024,026_archv.2024_107_16_2d.nc,2024-12-26 08:51,74M,026/027 overlap
2024,026_archv.2024_107_16_3z.nc,2025-01-10 03:54,2.4G,026/027 overlap
2024,026_archv.2024_107_17_2d.nc,2024-12-26 08:51,74M,026/027 overlap
2024,026_archv.2024_107_17_3z.nc,2025-01-10 03:54,2.4G,026/027 overlap
2024,026_archv.2024_107_18_2d.nc,2024-12-26 08:51,74M,026/027 overlap
2024,026_archv.2024_107_18_3z.nc,2025-01-10 03:59,2.4G,026/027 overlap
2024,026_archv.2024_107_19_2d.nc,2024-12-26 08:51,74M,026/027 overlap
2024,026_archv.2024_107_19_3z.nc,2025-01-10 03:59,2.4G,026/027 overlap
2024,026_archv.2024_107_20_2d.nc,2024-12-26 08:51,74M,026/027 overlap
2024,026_archv.2024_107_20_3z.nc,2025-01-10 03:59,2.4G,026/027 overlap
2024,026_archv.2024_107_21_2d.nc,2024-12-26 08:51,74M,026/027 overlap
2024,026_archv.2024_107_21_3z.nc,2025-01-10 03:59,2.4G,026/027 overlap
2024,026_archv.2024_107_22_2d.nc,2024-12-26 08:51,74M,026/027 overlap
2024,026_archv.2024_107_22_3z.nc,2025-01-10 03:59,2.4G,026/027 overlap
2024,026_archv.2024_107_23_2d.nc,2024-12-26 08:51,74M,026/027 overlap
2024,026_archv.2024_107_23_3z.nc,2025-01-10 03:59,2.4G,026/027 overlap
2024,026_archv.2024_108_00_2d.nc,2024-12-26 08:51,74M,026/027 overlap
2024,026_archv.2024_108_00_3z.nc,2025-01-10 04:04,2.4G,026/027 overlap
2024,026_archv.2024_108_01_2d.nc,2024-12-26 08:51,74M,026/027 overlap
2024,026_archv.2024_108_01_3z.nc,2025-01-10 04:04,2.4G,026/027 overlap
2024,026_archv.2024_108_02_2d.nc,2024-12-26 08:51,74M,026/027 overlap
2024,026_archv.2024_108_02_3z.nc,2025-01-10 04:04,2.4G,026/027 overlap
2024,026_archv.2024_108_03_2d.nc,2024-12-26 08:51,74M,026/027 overlap
2024,026_archv.2024_108_03_3z.nc,2025-01-10 04:05,2.4G,026/027 overlap
2024,026_archv.2024_108_04_2d.nc,2024-12-26 08:51,74M,026/027 overlap
2024,026_archv.2024_108_04_3z.nc,2025-01-10 04:05,2.4G,026/027 overlap
2024,026_archv.2024_108_05_2d.nc,2024-12-26 08:51,74M,026/027 overlap
2024,026_archv.2024_108_05_3z.nc,2025-01-10 04:05,2.4G,026/027 overlap
2024,026_archv.2024_108_06_2d.nc,2024-12-26 08:51,74M,026/027 overlap
2024,026_archv.2024_108_06_3z.nc,2025-01-10 04:09,2.4G,026/027 overlap
2024,026_archv.2024_108_07_2d.nc,2024-12-26 08:51,74M,026/027 overlap
2024,026_archv.2024_108_07_3z.nc,2025-01-10 04:09,2.4G,026/027 overlap
2024,026_archv.2024_108_08_2d.nc,2024-12-26 08:51,74M,026/027 overlap
2024,026_archv.2024_108_08_3z.nc,2025-01-10 04:09,2.4G,026/027 overlap
2024,026_archv.2024_108_09_2d.nc,2024-12-26 08:51,74M,026/027 overlap
2024,026_archv.2024_108_09_3z.nc,2025-01-10 04:09,2.4G,026/027 overlap
2024,026_archv.2024_108_10_2d.nc,2024-12-26 08:51,74M,026/027 overlap
2024,026_archv.2024_108_10_3z.nc,2025-01-10 04:09,2.4G,026/027 overlap
2024,026_archv.2024_108_11_2d.nc,2024-12-26 08:51,74M,026/027 overlap
2024,026_archv.2024_108_11_3z.nc,2025-01-10 04:09,2.4G,026/027 overlap
2024,026_archv.2024_108_12_2d.nc,2024-12-26 08:51,74M,026/027 overlap
2024,026_archv.2024_108_12_3z.nc,2025-01-10 04:14,2.4G,026/027 overlap
2024,026_archv.2024_108_13_2d.nc,2024-12-26 08:51,74M,026/027 overlap
2024,026_archv.2024_108_13_3z.nc,2025-01-10 04:14,2.4G,026/027 overlap
2024,026_archv.2024_108_14_2d.nc,2024-12-26 08:51,74M,026/027 overlap
2024,026_archv.2024_108_14_3z.nc,2025-01-10 04:14,2.4G,026/027 overlap
2024,026_archv.2024_108_15_2d.nc,2024-12-26 08:51,74M,026/027 overlap
2024,026_archv.2024_108_15_3z.nc,2025-01-10 04:14,2.4G,026/027 overlap
2024,026_archv.2024_108_16_2d.nc,2024-12-26 08:51,74M,026/027 overlap
2024,026_archv.2024_108_16_3z.nc,2025-01-10 04:14,2.4G,026/027 overlap
2024,026_archv.2024_108_17_2d.nc,2024-12-26 08:51,74M,026/027 overlap
2024,026_archv.2024_108_17_3z.nc,2025-01-10 04:14,2.4G,026/027 overlap
2024,026_archv.2024_108_18_2d.nc,2024-12-26 08:51,74M,026/027 overlap
2024,026_archv.2024_108_18_3z.nc,2025-01-10 04:19,2.4G,026/027 overlap
2024,026_archv.2024_108_19_2d.nc,2024-12-26 08:51,74M,026/027 overlap
2024,026_archv.2024_108_19_3z.nc,2025-01-10 04:19,2.4G,026/027 overlap
2024,026_archv.2024_108_20_2d.nc,2024-12-26 08:51,74M,026/027 overlap
2024,026_archv.2024_108_20_3z.nc,2025-01-10 04:19,2.4G,026/027 overlap
2024,026_archv.2024_108_21_2d.nc,2024-12-26 08:51,74M,026/027 overlap
2024,026_archv.2024_108_21_3z.nc,2025-01-10 04:19,2.4G,026/027 overlap
2024,026_archv.2024_108_22_2d.nc,2024-12-26 08:51,74M,026/027 overlap
2024,026_archv.2024_108_22_3z.nc,2025-01-10 04:19,2.4G,026/027 overlap
2024,026_archv.2024_108_23_2d.nc,2024-12-26 08:51,74M,026/027 overlap
2024,026_archv.2024_108_23_3z.nc,2025-01-10 04:19,2.4G,026/027 overlap
2024,026_archv.2024_109_00_2d.nc,2024-12-26 08:52,74M,026/027 overlap
2024,026_archv.2024_109_00_3z.nc,2025-01-10 04:25,2.4G,026/027 overlap
2024,026_archv.2024_109_01_2d.nc,2024-12-26 08:52,74M,026/027 overlap
2024,026_archv.2024_109_01_3z.nc,2025-01-10 04:25,2.4G,026/027 overlap
2024,026_archv.2024_109_02_2d.nc,2024-12-26 08:52,74M,026/027 overlap
2024,026_archv.2024_109_02_3z.nc,2025-01-10 04:25,2.4G,026/027 overlap
2024,026_archv.2024_109_03_2d.nc,2024-12-26 08:52,74M,026/027 overlap
2024,026_archv.2024_109_03_3z.nc,2025-01-10 04:25,2.4G,026/027 overlap
2024,026_archv.2024_109_04_2d.nc,2024-12-26 08:52,74M,026/027 overlap
2024,026_archv.2024_109_04_3z.nc,2025-01-10 04:25,2.4G,026/027 overlap
2024,026_archv.2024_109_05_2d.nc,2024-12-26 08:52,74M,026/027 overlap
2024,026_archv.2024_109_05_3z.nc,2025-01-10 04:25,2.4G,026/027 overlap
2024,026_archv.2024_109_06_2d.nc,2024-12-26 08:52,74M,026/027 overlap
2024,026_archv.2024_109_06_3z.nc,2025-01-10 04:29,2.4G,026/027 overlap
2024,026_archv.2024_109_07_2d.nc,2024-12-26 08:52,74M,026/027 overlap
2024,026_archv.2024_109_07_3z.nc,2025-01-10 04:29,2.4G,026/027 overlap
2024,026_archv.2024_109_08_2d.nc,2024-12-26 08:52,74M,026/027 overlap
2024,026_archv.2024_109_08_3z.nc,2025-01-10 04:29,2.4G,026/027 overlap
2024,026_archv.2024_109_09_2d.nc,2024-12-26 08:52,74M,026/027 overlap
2024,026_archv.2024_109_09_3z.nc,2025-01-10 04:30,2.4G,026/027 overlap
2024,026_archv.2024_109_10_2d.nc,2024-12-26 08:52,74M,026/027 overlap
2024,026_archv.2024_109_10_3z.nc,2025-01-10 04:30,2.4G,026/027 overlap
2024,026_archv.2024_109_11_2d.nc,2024-12-26 08:52,74M,026/027 overlap
2024,026_archv.2024_109_11_3z.nc,2025-01-10 04:30,2.4G,026/027 overlap
2024,026_archv.2024_109_12_2d.nc,2024-12-26 08:52,74M,026/027 overlap
2024,026_archv.2024_109_12_3z.nc,2025-01-10 04:34,2.4G,026/027 overlap
2024,026_archv.2024_109_13_2d.nc,2024-12-26 08:52,74M,026/027 overlap
2024,026_archv.2024_109_13_3z.nc,2025-01-10 04:34,2.4G,026/027 overlap
2024,026_archv.2024_109_14_2d.nc,2024-12-26 08:52,74M,026/027 overlap
2024,026_archv.2024_109_14_3z.nc,2025-01-10 04:34,2.4G,026/027 overlap
2024,026_archv.2024_109_15_2d.nc,2024-12-26 08:52,74M,026/027 overlap
2024,026_archv.2024_109_15_3z.nc,2025-01-10 04:34,2.4G,026/027 overlap
2024,026_archv.2024_109_16_2d.nc,2024-12-26 08:52,74M,026/027 overlap
2024,026_archv.2024_109_16_3z.nc,2025-01-10 04:34,2.4G,026/027 overlap
2024,026_archv.2024_109_17_2d.nc,2024-12-26 08:52,74M,026/027 overlap
2024,026_archv.2024_109_17_3z.nc,2025-01-10 04:34,2.4G,026/027 overlap
2024,026_archv.2024_109_18_2d.nc,2024-12-26 08:52,74M,026/027 overlap
2024,026_archv.2024_109_18_3z.nc,2025-01-10 04:39,2.4G,026/027 overlap
2024,026_archv.2024_109_19_2d.nc,2024-12-26 08:52,74M,026/027 overlap
2024,026_archv.2024_109_19_3z.nc,2025-01-10 04:39,2.4G,026/027 overlap
2024,026_archv.2024_109_20_2d.nc,2024-12-26 08:52,74M,026/027 overlap
2024,026_archv.2024_109_20_3z.nc,2025-01-10 04:39,2.4G,026/027 overlap
2024,026_archv.2024_109_21_2d.nc,2024-12-26 08:52,74M,026/027 overlap
2024,026_archv.2024_109_21_3z.nc,2025-01-10 04:39,2.4G,026/027 overlap
2024,026_archv.2024_109_22_2d.nc,2024-12-26 08:52,74M,026/027 overlap
2024,026_archv.2024_109_22_3z.nc,2025-01-10 04:39,2.4G,026/027 overlap
2024,026_archv.2024_109_23_2d.nc,2024-12-26 08:52,74M,026/027 overlap
2024,026_archv.2024_109_23_3z.nc,2025-01-10 04:40,2.4G,026/027 overlap
2024,026_archv.2024_110_00_2d.nc,2024-12-26 08:53,74M,026/027 overlap
2024,026_archv.2024_110_00_3z.nc,2025-01-10 04:45,2.4G,026/027 overlap
2024,026_archv.2024_110_01_2d.nc,2024-12-26 08:53,74M,026/027 overlap
2024,026_archv.2024_110_01_3z.nc,2025-01-10 04:45,2.4G,026/027 overlap
2024,026_archv.2024_110_02_2d.nc,2024-12-26 08:53,74M,026/027 overlap
2024,026_archv.2024_110_02_3z.nc,2025-01-10 04:45,2.4G,026/027 overlap
2024,026_archv.2024_110_03_2d.nc,2024-12-26 08:53,74M,026/027 overlap
2024,026_archv.2024_110_03_3z.nc,2025-01-10 04:45,2.4G,026/027 overlap
2024,026_archv.2024_110_04_2d.nc,2024-12-26 08:53,74M,026/027 overlap
2024,026_archv.2024_110_04_3z.nc,2025-01-10 04:45,2.4G,026/027 overlap
2024,026_archv.2024_110_05_2d.nc,2024-12-26 08:53,74M,026/027 overlap
2024,026_archv.2024_110_05_3z.nc,2025-01-10 04:45,2.4G,026/027 overlap
2024,026_archv.2024_110_06_2d.nc,2024-12-26 08:53,74M,026/027 overlap
2024,026_archv.2024_110_06_3z.nc,2025-01-10 04:49,2.4G,026/027 overlap
2024,026_archv.2024_110_07_2d.nc,2024-12-26 08:53,74M,026/027 overlap
2024,026_archv.2024_110_07_3z.nc,2025-01-10 04:49,2.4G,026/027 overlap
2024,026_archv.2024_110_08_2d.nc,2024-12-26 08:53,74M,026/027 overlap
2024,026_archv.2024_110_08_3z.nc,2025-01-10 04:49,2.4G,026/027 overlap
2024,026_archv.2024_110_09_2d.nc,2024-12-26 08:53,74M,026/027 overlap
2024,026_archv.2024_110_09_3z.nc,2025-01-10 04:49,2.4G,026/027 overlap
2024,026_archv.2024_110_10_2d.nc,2024-12-26 08:53,74M,026/027 overlap
2024,026_archv.2024_110_10_3z.nc,2025-01-10 04:49,2.4G,026/027 overlap
2024,026_archv.2024_110_11_2d.nc,2024-12-26 08:53,74M,026/027 overlap
2024,026_archv.2024_110_11_3z.nc,2025-01-10 04:49,2.4G,026/027 overlap
2024,026_archv.2024_110_12_2d.nc,2024-12-26 08:53,74M,026/027 overlap
2024,026_archv.2024_110_12_3z.nc,2025-01-10 04:54,2.4G,026/027 overlap
2024,026_archv.2024_110_13_2d.nc,2024-12-26 08:53,74M,026/027 overlap
2024,026_archv.2024_110_13_3z.nc,2025-01-10 04:54,2.4G,026/027 overlap
2024,026_archv.2024_110_14_2d.nc,2024-12-26 08:53,74M,026/027 overlap
2024,026_archv.2024_110_14_3z.nc,2025-01-10 04:54,2.4G,026/027 overlap
2024,026_archv.2024_110_15_2d.nc,2024-12-26 08:53,74M,026/027 overlap
2024,026_archv.2024_110_15_3z.nc,2025-01-10 04:54,2.4G,026/027 overlap
2024,026_archv.2024_110_16_2d.nc,2024-12-26 08:53,74M,026/027 overlap
2024,026_archv.2024_110_16_3z.nc,2025-01-10 04:54,2.4G,026/027 overlap
2024,026_archv.2024_110_17_2d.nc,2024-12-26 08:53,74M,026/027 overlap
2024,026_archv.2024_110_17_3z.nc,2025-01-10 04:54,2.4G,026/027 overlap
2024,026_archv.2024_110_18_2d.nc,2024-12-26 08:53,74M,026/027 overlap
2024,026_archv.2024_110_18_3z.nc,2025-01-10 04:58,2.4G,026/027 overlap
2024,026_archv.2024_110_19_2d.nc,2024-12-26 08:53,74M,026/027 overlap
2024,026_archv.2024_110_19_3z.nc,2025-01-10 04:58,2.4G,026/027 overlap
2024,026_archv.2024_110_20_2d.nc,2024-12-26 08:53,74M,026/027 overlap
2024,026_archv.2024_110_20_3z.nc,2025-01-10 04:58,2.4G,026/027 overlap
2024,026_archv.2024_110_21_2d.nc,2024-12-26 08:53,74M,026/027 overlap
2024,026_archv.2024_110_21_3z.nc,2025-01-10 04:58,2.4G,026/027 overlap
2024,026_archv.2024_110_22_2d.nc,2024-12-26 08:53,74M,026/027 overlap
2024,026_archv.2024_110_22_3z.nc,2025-01-10 04:59,2.4G,026/027 overlap
2024,026_archv.2024_110_23_2d.nc,2024-12-26 08:53,74M,026/027 overlap
2024,026_archv.2024_110_23_3z.nc,2025-01-10 04:59,2.4G,026/027 overlap
2024,026_archv.2024_111_00_2d.nc,2024-12-26 08:54,74M,026/027 overlap
2024,026_archv.2024_111_00_3z.nc,2025-01-10 05:04,2.4G,026/027 overlap
2024,026_archv.2024_111_01_2d.nc,2024-12-26 08:54,74M,026/027 overlap
2024,026_archv.2024_111_01_3z.nc,2025-01-10 05:04,2.4G,026/027 overlap
2024,026_archv.2024_111_02_2d.nc,2024-12-26 08:54,74M,026/027 overlap
2024,026_archv.2024_111_02_3z.nc,2025-01-10 05:04,2.4G,026/027 overlap
2024,026_archv.2024_111_03_2d.nc,2024-12-26 08:54,74M,026/027 overlap
2024,026_archv.2024_111_03_3z.nc,2025-01-10 05:04,2.4G,026/027 overlap
2024,026_archv.2024_111_04_2d.nc,2024-12-26 08:54,74M,026/027 overlap
2024,026_archv.2024_111_04_3z.nc,2025-01-10 05:04,2.4G,026/027 overlap
2024,026_archv.2024_111_05_2d.nc,2024-12-26 08:54,74M,026/027 overlap
2024,026_archv.2024_111_05_3z.nc,2025-01-10 05:04,2.4G,026/027 overlap
2024,026_archv.2024_111_06_2d.nc,2024-12-26 08:54,74M,026/027 overlap
2024,026_archv.2024_111_06_3z.nc,2025-01-10 05:09,2.4G,026/027 overlap
2024,026_archv.2024_111_07_2d.nc,2024-12-26 08:54,74M,026/027 overlap
2024,026_archv.2024_111_07_3z.nc,2025-01-10 05:09,2.4G,026/027 overlap
2024,026_archv.2024_111_08_2d.nc,2024-12-26 08:54,74M,026/027 overlap
2024,026_archv.2024_111_08_3z.nc,2025-01-10 05:09,2.4G,026/027 overlap
2024,026_archv.2024_111_09_2d.nc,2024-12-26 08:54,74M,026/027 overlap
2024,026_archv.2024_111_09_3z.nc,2025-01-10 05:09,2.4G,026/027 overlap
2024,026_archv.2024_111_10_2d.nc,2024-12-26 08:54,74M,026/027 overlap
2024,026_archv.2024_111_10_3z.nc,2025-01-10 05:09,2.4G,026/027 overlap
2024,026_archv.2024_111_11_2d.nc,2024-12-26 08:54,74M,026/027 overlap
2024,026_archv.2024_111_11_3z.nc,2025-01-10 05:09,2.4G,026/027 overlap
2024,026_archv.2024_111_12_2d.nc,2024-12-26 08:54,74M,026/027 overlap
2024,026_archv.2024_111_12_3z.nc,2025-01-10 05:13,2.4G,026/027 overlap
2024,026_archv.2024_111_13_2d.nc,2024-12-26 08:54,74M,026/027 overlap
2024,026_archv.2024_111_13_3z.nc,2025-01-10 05:13,2.4G,026/027 overlap
2024,026_archv.2024_111_14_2d.nc,2024-12-26 08:54,74M,026/027 overlap
2024,026_archv.2024_111_14_3z.nc,2025-01-10 05:13,2.4G,026/027 overlap
2024,026_archv.2024_111_15_2d.nc,2024-12-26 08:54,74M,026/027 overlap
2024,026_archv.2024_111_15_3z.nc,2025-01-10 05:13,2.4G,026/027 overlap
2024,026_archv.2024_111_16_2d.nc,2024-12-26 08:54,74M,026/027 overlap
2024,026_archv.2024_111_16_3z.nc,2025-01-10 05:14,2.4G,026/027 overlap
2024,026_archv.2024_111_17_2d.nc,2024-12-26 08:54,74M,026/027 overlap
2024,026_archv.2024_111_17_3z.nc,2025-01-10 05:14,2.4G,026/027 overlap
2024,026_archv.2024_111_18_2d.nc,2024-12-26 08:54,74M,026/027 overlap
2024,026_archv.2024_111_18_3z.nc,2025-01-10 05:19,2.4G,026/027 overlap
2024,026_archv.2024_111_19_2d.nc,2024-12-26 08:54,74M,026/027 overlap
2024,026_archv.2024_111_19_3z.nc,2025-01-10 05:19,2.4G,026/027 overlap
2024,026_archv.2024_111_20_2d.nc,2024-12-26 08:54,74M,026/027 overlap
2024,026_archv.2024_111_20_3z.nc,2025-01-10 05:19,2.4G,026/027 overlap
2024,026_archv.2024_111_21_2d.nc,2024-12-26 08:54,74M,026/027 overlap
2024,026_archv.2024_111_21_3z.nc,2025-01-10 05:19,2.4G,026/027 overlap
2024,026_archv.2024_111_22_2d.nc,2024-12-26 08:54,74M,026/027 overlap
2024,026_archv.2024_111_22_3z.nc,2025-01-10 05:19,2.4G,026/027 overlap
2024,026_archv.2024_111_23_2d.nc,2024-12-26 08:54,74M,026/027 overlap
2024,026_archv.2024_111_23_3z.nc,2025-01-10 05:19,2.4G,026/027 overlap
2024,026_archv.2024_112_00_2d.nc,2024-12-26 08:55,74M,026/027 overlap
2024,026_archv.2024_112_00_3z.nc,2025-01-10 05:24,2.4G,026/027 overlap
2024,026_archv.2024_112_01_2d.nc,2024-12-26 08:55,74M,026/027 overlap
2024,026_archv.2024_112_01_3z.nc,2025-01-10 05:24,2.4G,026/027 overlap
2024,026_archv.2024_112_02_2d.nc,2024-12-26 08:55,74M,026/027 overlap
2024,026_archv.2024_112_02_3z.nc,2025-01-10 05:24,2.4G,026/027 overlap
2024,026_archv.2024_112_03_2d.nc,2024-12-26 08:55,74M,026/027 overlap
2024,026_archv.2024_112_03_3z.nc,2025-01-10 05:24,2.4G,026/027 overlap
2024,026_archv.2024_112_04_2d.nc,2024-12-26 08:55,74M,026/027 overlap
2024,026_archv.2024_112_04_3z.nc,2025-01-10 05:24,2.4G,026/027 overlap
2024,026_archv.2024_112_05_2d.nc,2024-12-26 08:55,74M,026/027 overlap
2024,026_archv.2024_112_05_3z.nc,2025-01-10 05:24,2.4G,026/027 overlap
2024,026_archv.2024_112_06_2d.nc,2024-12-26 08:55,74M,026/027 overlap
2024,026_archv.2024_112_06_3z.nc,2025-01-10 05:29,2.4G,026/027 overlap
2024,026_archv.2024_112_07_2d.nc,2024-12-26 08:55,74M,026/027 overlap
2024,026_archv.2024_112_07_3z.nc,2025-01-10 05:29,2.4G,026/027 overlap
2024,026_archv.2024_112_08_2d.nc,2024-12-26 08:55,74M,026/027 overlap
2024,026_archv.2024_112_08_3z.nc,2025-01-10 05:29,2.4G,026/027 overlap
2024,026_archv.2024_112_09_2d.nc,2024-12-26 08:55,74M,026/027 overlap
2024,026_archv.2024_112_09_3z.nc,2025-01-10 05:29,2.4G,026/027 overlap
2024,026_archv.2024_112_10_2d.nc,2024-12-26 08:55,74M,026/027 overlap
2024,026_archv.2024_112_10_3z.nc,2025-01-10 05:29,2.4G,026/027 overlap
2024,026_archv.2024_112_11_2d.nc,2024-12-26 08:55,74M,026/027 overlap
2024,026_archv.2024_112_11_3z.nc,2025-01-10 05:29,2.4G,026/027 overlap
2024,026_archv.2024_112_12_2d.nc,2024-12-26 08:55,74M,026/027 overlap
2024,026_archv.2024_112_12_3z.nc,2025-01-10 05:34,2.4G,026/027 overlap
2024,026_archv.2024_112_13_2d.nc,2024-12-26 08:55,74M,026/027 overlap
2024,026_archv.2024_112_13_3z.nc,2025-01-10 05:34,2.4G,026/027 overlap
2024,026_archv.2024_112_14_2d.nc,2024-12-26 08:55,74M,026/027 overlap
2024,026_archv.2024_112_14_3z.nc,2025-01-10 05:34,2.4G,026/027 overlap
2024,026_archv.2024_112_15_2d.nc,2024-12-26 08:55,74M,026/027 overlap
2024,026_archv.2024_112_15_3z.nc,2025-01-10 05:34,2.4G,026/027 overlap
2024,026_archv.2024_112_16_2d.nc,2024-12-26 08:55,74M,026/027 overlap
2024,026_archv.2024_112_16_3z.nc,2025-01-10 05:34,2.4G,026/027 overlap
2024,026_archv.2024_112_17_2d.nc,2024-12-26 08:55,74M,026/027 overlap
2024,026_archv.2024_112_17_3z.nc,2025-01-10 05:34,2.4G,026/027 overlap
2024,026_archv.2024_112_18_2d.nc,2024-12-26 08:55,74M,026/027 overlap
2024,026_archv.2024_112_18_3z.nc,2025-01-10 05:38,2.4G,026/027 overlap
2024,026_archv.2024_112_19_2d.nc,2024-12-26 08:55,74M,026/027 overlap
2024,026_archv.2024_112_19_3z.nc,2025-01-10 05:38,2.4G,026/027 overlap
2024,026_archv.2024_112_20_2d.nc,2024-12-26 08:55,74M,026/027 overlap
2024,026_archv.2024_112_20_3z.nc,2025-01-10 05:38,2.4G,026/027 overlap
2024,026_archv.2024_112_21_2d.nc,2024-12-26 08:55,74M,026/027 overlap
2024,026_archv.2024_112_21_3z.nc,2025-01-10 05:38,2.4G,026/027 overlap
2024,026_archv.2024_112_22_2d.nc,2024-12-26 08:55,74M,026/027 overlap
2024,026_archv.2024_112_22_3z.nc,2025-01-10 05:39,2.4G,026/027 overlap
2024,026_archv.2024_112_23_2d.nc,2024-12-26 08:55,74M,026/027 overlap
2024,026_archv.2024_112_23_3z.nc,2025-01-10 05:39,2.4G,026/027 overlap
2024,026_archv.2024_113_00_2d.nc,2024-12-26 08:56,74M,026/027 overlap
2024,026_archv.2024_113_00_3z.nc,2025-01-10 05:44,2.4G,026/027 overlap
2024,026_archv.2024_113_01_2d.nc,2024-12-26 08:56,74M,026/027 overlap
2024,026_archv.2024_113_01_3z.nc,2025-01-10 05:44,2.4G,026/027 overlap
2024,026_archv.2024_113_02_2d.nc,2024-12-26 08:56,74M,026/027 overlap
2024,026_archv.2024_113_02_3z.nc,2025-01-10 05:44,2.4G,026/027 overlap
2024,026_archv.2024_113_03_2d.nc,2024-12-26 08:56,74M,026/027 overlap
2024,026_archv.2024_113_03_3z.nc,2025-01-10 05:44,2.4G,026/027 overlap
2024,026_archv.2024_113_04_2d.nc,2024-12-26 08:56,74M,026/027 overlap
2024,026_archv.2024_113_04_3z.nc,2025-01-10 05:44,2.4G,026/027 overlap
2024,026_archv.2024_113_05_2d.nc,2024-12-26 08:56,74M,026/027 overlap
2024,026_archv.2024_113_05_3z.nc,2025-01-10 05:44,2.4G,026/027 overlap
2024,026_archv.2024_113_06_2d.nc,2024-12-26 08:56,74M,026/027 overlap
2024,026_archv.2024_113_06_3z.nc,2025-01-10 05:48,2.4G,026/027 overlap
2024,026_archv.2024_113_07_2d.nc,2024-12-26 08:56,74M,026/027 overlap
2024,026_archv.2024_113_07_3z.nc,2025-01-10 05:48,2.4G,026/027 overlap
2024,026_archv.2024_113_08_2d.nc,2024-12-26 08:56,74M,026/027 overlap
2024,026_archv.2024_113_08_3z.nc,2025-01-10 05:48,2.4G,026/027 overlap
2024,026_archv.2024_113_09_2d.nc,2024-12-26 08:56,74M,026/027 overlap
2024,026_archv.2024_113_09_3z.nc,2025-01-10 05:48,2.4G,026/027 overlap
2024,026_archv.2024_113_10_2d.nc,2024-12-26 08:56,74M,026/027 overlap
2024,026_archv.2024_113_10_3z.nc,2025-01-10 05:48,2.4G,026/027 overlap
2024,026_archv.2024_113_11_2d.nc,2024-12-26 08:56,74M,026/027 overlap
2024,026_archv.2024_113_11_3z.nc,2025-01-10 05:48,2.4G,026/027 overlap
2024,026_archv.2024_113_12_2d.nc,2024-12-26 08:56,74M,026/027 overlap
2024,026_archv.2024_113_12_3z.nc,2025-01-10 05:53,2.4G,026/027 overlap
2024,026_archv.2024_113_13_2d.nc,2024-12-26 08:56,74M,026/027 overlap
2024,026_archv.2024_113_13_3z.nc,2025-01-10 05:53,2.4G,026/027 overlap
2024,026_archv.2024_113_14_2d.nc,2024-12-26 08:56,74M,026/027 overlap
2024,026_archv.2024_113_14_3z.nc,2025-01-10 05:53,2.4G,026/027 overlap
2024,026_archv.2024_113_15_2d.nc,2024-12-26 08:56,74M,026/027 overlap
2024,026_archv.2024_113_15_3z.nc,2025-01-10 05:53,2.4G,026/027 overlap
2024,026_archv.2024_113_16_2d.nc,2024-12-26 08:56,74M,026/027 overlap
2024,026_archv.2024_113_16_3z.nc,2025-01-10 05:53,2.4G,026/027 overlap
2024,026_archv.2024_113_17_2d.nc,2024-12-26 08:56,74M,026/027 overlap
2024,026_archv.2024_113_17_3z.nc,2025-01-10 05:53,2.4G,026/027 overlap
2024,026_archv.2024_113_18_2d.nc,2024-12-26 08:56,74M,026/027 overlap
2024,026_archv.2024_113_18_3z.nc,2025-01-10 05:58,2.4G,026/027 overlap
2024,026_archv.2024_113_19_2d.nc,2024-12-26 08:56,74M,026/027 overlap
2024,026_archv.2024_113_19_3z.nc,2025-01-10 05:58,2.4G,026/027 overlap
2024,026_archv.2024_113_20_2d.nc,2024-12-26 08:56,74M,026/027 overlap
2024,026_archv.2024_113_20_3z.nc,2025-01-10 05:58,2.4G,026/027 overlap
2024,026_archv.2024_113_21_2d.nc,2024-12-26 08:56,74M,026/027 overlap
2024,026_archv.2024_113_21_3z.nc,2025-01-10 05:58,2.4G,026/027 overlap
2024,026_archv.2024_113_22_2d.nc,2024-12-26 08:56,74M,026/027 overlap
2024,026_archv.2024_113_22_3z.nc,2025-01-10 05:58,2.4G,026/027 overlap
2024,026_archv.2024_113_23_2d.nc,2024-12-26 08:56,74M,026/027 overlap
2024,026_archv.2024_113_23_3z.nc,2025-01-10 05:58,2.4G,026/027 overlap
2024,026_archv.2024_114_00_2d.nc,2024-12-26 08:57,74M,026/027 overlap
2024,026_archv.2024_114_00_3z.nc,2025-01-10 06:03,2.4G,026/027 overlap
2024,026_archv.2024_114_01_2d.nc,2024-12-26 08:57,74M,026/027 overlap
2024,026_archv.2024_114_01_3z.nc,2025-01-10 06:03,2.4G,026/027 overlap
2024,026_archv.2024_114_02_2d.nc,2024-12-26 08:57,74M,026/027 overlap
2024,026_archv.2024_114_02_3z.nc,2025-01-10 06:03,2.4G,026/027 overlap
2024,026_archv.2024_114_03_2d.nc,2024-12-26 08:57,74M,026/027 overlap
2024,026_archv.2024_114_03_3z.nc,2025-01-10 06:03,2.4G,026/027 overlap
2024,026_archv.2024_114_04_2d.nc,2024-12-26 08:57,74M,026/027 overlap
2024,026_archv.2024_114_04_3z.nc,2025-01-10 06:03,2.4G,026/027 overlap
2024,026_archv.2024_114_05_2d.nc,2024-12-26 08:57,74M,026/027 overlap
2024,026_archv.2024_114_05_3z.nc,2025-01-10 06:03,2.4G,026/027 overlap
2024,026_archv.2024_114_06_2d.nc,2024-12-26 08:57,74M,026/027 overlap
2024,026_archv.2024_114_06_3z.nc,2025-01-10 06:08,2.4G,026/027 overlap
2024,026_archv.2024_114_07_2d.nc,2024-12-26 08:57,74M,026/027 overlap
2024,026_archv.2024_114_07_3z.nc,2025-01-10 06:08,2.4G,026/027 overlap
2024,026_archv.2024_114_08_2d.nc,2024-12-26 08:57,74M,026/027 overlap
2024,026_archv.2024_114_08_3z.nc,2025-01-10 06:08,2.4G,026/027 overlap
2024,026_archv.2024_114_09_2d.nc,2024-12-26 08:57,74M,026/027 overlap
2024,026_archv.2024_114_09_3z.nc,2025-01-10 06:08,2.4G,026/027 overlap
2024,026_archv.2024_114_10_2d.nc,2024-12-26 08:57,74M,026/027 overlap
2024,026_archv.2024_114_10_3z.nc,2025-01-10 06:08,2.4G,026/027 overlap
2024,026_archv.2024_114_11_2d.nc,2024-12-26 08:57,74M,026/027 overlap
2024,026_archv.2024_114_11_3z.nc,2025-01-10 06:08,2.4G,026/027 overlap
2024,026_archv.2024_114_12_2d.nc,2024-12-26 08:57,74M,026/027 overlap
2024,026_archv.2024_114_12_3z.nc,2025-01-10 06:13,2.4G,026/027 overlap
2024,026_archv.2024_114_13_2d.nc,2024-12-26 08:57,74M,026/027 overlap
2024,026_archv.2024_114_13_3z.nc,2025-01-10 06:13,2.4G,026/027 overlap
2024,026_archv.2024_114_14_2d.nc,2024-12-26 08:57,74M,026/027 overlap
2024,026_archv.2024_114_14_3z.nc,2025-01-10 06:13,2.4G,026/027 overlap
2024,026_archv.2024_114_15_2d.nc,2024-12-26 08:57,74M,026/027 overlap
2024,026_archv.2024_114_15_3z.nc,2025-01-10 06:13,2.4G,026/027 overlap
2024,026_archv.2024_114_16_2d.nc,2024-12-26 08:57,74M,026/027 overlap
2024,026_archv.2024_114_16_3z.nc,2025-01-10 06:13,2.4G,026/027 overlap
2024,026_archv.2024_114_17_2d.nc,2024-12-26 08:57,74M,026/027 overlap
2024,026_archv.2024_114_17_3z.nc,2025-01-10 06:13,2.4G,026/027 overlap
2024,026_archv.2024_114_18_2d.nc,2024-12-26 08:57,74M,026/027 overlap
2024,026_archv.2024_114_18_3z.nc,2025-01-10 06:18,2.4G,026/027 overlap
2024,026_archv.2024_114_19_2d.nc,2024-12-26 08:57,74M,026/027 overlap
2024,026_archv.2024_114_19_3z.nc,2025-01-10 06:18,2.4G,026/027 overlap
2024,026_archv.2024_114_20_2d.nc,2024-12-26 08:57,74M,026/027 overlap
2024,026_archv.2024_114_20_3z.nc,2025-01-10 06:18,2.4G,026/027 overlap
2024,026_archv.2024_114_21_2d.nc,2024-12-26 08:57,74M,026/027 overlap
2024,026_archv.2024_114_21_3z.nc,2025-01-10 06:18,2.4G,026/027 overlap
2024,026_archv.2024_114_22_2d.nc,2024-12-26 08:57,74M,026/027 overlap
2024,026_archv.2024_114_22_3z.nc,2025-01-10 06:18,2.4G,026/027 overlap
2024,026_archv.2024_114_23_2d.nc,2024-12-26 08:57,74M,026/027 overlap
2024,026_archv.2024_114_23_3z.nc,2025-01-10 06:18,2.4G,026/027 overlap
2024,026_archv.2024_115_00_2d.nc,2024-12-26 08:58,74M,026/027 overlap
2024,026_archv.2024_115_00_3z.nc,2025-01-10 06:23,2.4G,026/027 overlap
2024,026_archv.2024_115_01_2d.nc,2024-12-26 08:58,74M,026/027 overlap
2024,026_archv.2024_115_01_3z.nc,2025-01-10 06:23,2.4G,026/027 overlap
2024,026_archv.2024_115_02_2d.nc,2024-12-26 08:58,74M,026/027 overlap
2024,026_archv.2024_115_02_3z.nc,2025-01-10 06:23,2.4G,026/027 overlap
2024,026_archv.2024_115_03_2d.nc,2024-12-26 08:58,74M,026/027 overlap
2024,026_archv.2024_115_03_3z.nc,2025-01-10 06:23,2.4G,026/027 overlap
2024,026_archv.2024_115_04_2d.nc,2024-12-26 08:58,74M,026/027 overlap
2024,026_archv.2024_115_04_3z.nc,2025-01-10 06:23,2.4G,026/027 overlap
2024,026_archv.2024_115_05_2d.nc,2024-12-26 08:58,74M,026/027 overlap
2024,026_archv.2024_115_05_3z.nc,2025-01-10 06:24,2.4G,026/027 overlap
2024,026_archv.2024_115_06_2d.nc,2024-12-26 08:58,74M,026/027 overlap
2024,026_archv.2024_115_06_3z.nc,2025-01-10 06:28,2.4G,026/027 overlap
2024,026_archv.2024_115_07_2d.nc,2024-12-26 08:58,74M,026/027 overlap
2024,026_archv.2024_115_07_3z.nc,2025-01-10 06:28,2.4G,026/027 overlap
2024,026_archv.2024_115_08_2d.nc,2024-12-26 08:58,74M,026/027 overlap
2024,026_archv.2024_115_08_3z.nc,2025-01-10 06:28,2.4G,026/027 overlap
2024,026_archv.2024_115_09_2d.nc,2024-12-26 08:58,74M,026/027 overlap
2024,026_archv.2024_115_09_3z.nc,2025-01-10 06:28,2.4G,026/027 overlap
2024,026_archv.2024_115_10_2d.nc,2024-12-26 08:58,74M,026/027 overlap
2024,026_archv.2024_115_10_3z.nc,2025-01-10 06:28,2.4G,026/027 overlap
2024,026_archv.2024_115_11_2d.nc,2024-12-26 08:58,74M,026/027 overlap
2024,026_archv.2024_115_11_3z.nc,2025-01-10 06:28,2.4G,026/027 overlap
2024,026_archv.2024_115_12_2d.nc,2024-12-26 08:58,74M,026/027 overlap
2024,026_archv.2024_115_12_3z.nc,2025-01-10 06:32,2.4G,026/027 overlap
2024,026_archv.2024_115_13_2d.nc,2024-12-26 08:58,74M,026/027 overlap
2024,026_archv.2024_115_13_3z.nc,2025-01-10 06:32,2.4G,026/027 overlap
2024,026_archv.2024_115_14_2d.nc,2024-12-26 08:58,74M,026/027 overlap
2024,026_archv.2024_115_14_3z.nc,2025-01-10 06:32,2.4G,026/027 overlap
2024,026_archv.2024_115_15_2d.nc,2024-12-26 08:58,74M,026/027 overlap
2024,026_archv.2024_115_15_3z.nc,2025-01-10 06:32,2.4G,026/027 overlap
2024,026_archv.2024_115_16_2d.nc,2024-12-26 08:58,74M,026/027 overlap
2024,026_archv.2024_115_16_3z.nc,2025-01-10 06:32,2.4G,026/027 overlap
2024,026_archv.2024_115_17_2d.nc,2024-12-26 08:58,74M,026/027 overlap
2024,026_archv.2024_115_17_3z.nc,2025-01-10 06:32,2.4G,026/027 overlap
2024,026_archv.2024_115_18_2d.nc,2024-12-26 08:58,74M,026/027 overlap
2024,026_archv.2024_115_18_3z.nc,2025-01-10 06:36,2.4G,026/027 overlap
2024,026_archv.2024_115_19_2d.nc,2024-12-26 08:58,74M,026/027 overlap
2024,026_archv.2024_115_19_3z.nc,2025-01-10 06:36,2.4G,026/027 overlap
2024,026_archv.2024_115_20_2d.nc,2024-12-26 08:58,74M,026/027 overlap
2024,026_archv.2024_115_20_3z.nc,2025-01-10 06:36,2.4G,026/027 overlap
2024,026_archv.2024_115_21_2d.nc,2024-12-26 08:58,74M,026/027 overlap
2024,026_archv.2024_115_21_3z.nc,2025-01-10 06:36,2.4G,026/027 overlap
2024,026_archv.2024_115_22_2d.nc,2024-12-26 08:58,74M,026/027 overlap
2024,026_archv.2024_115_22_3z.nc,2025-01-10 06:36,2.4G,026/027 overlap
2024,026_archv.2024_115_23_2d.nc,2024-12-26 08:58,74M,026/027 overlap
2024,026_archv.2024_115_23_3z.nc,2025-01-10 06:36,2.4G,026/027 overlap
2024,026_archv.2024_116_00_2d.nc,2024-12-26 08:59,74M,026/027 overlap
2024,026_archv.2024_116_00_3z.nc,2025-01-10 06:42,2.4G,026/027 overlap
2024,026_archv.2024_116_01_2d.nc,2024-12-26 08:59,74M,026/027 overlap
2024,026_archv.2024_116_01_3z.nc,2025-01-10 06:42,2.4G,026/027 overlap
2024,026_archv.2024_116_02_2d.nc,2024-12-26 08:59,74M,026/027 overlap
2024,026_archv.2024_116_02_3z.nc,2025-01-10 06:42,2.4G,026/027 overlap
2024,026_archv.2024_116_03_2d.nc,2024-12-26 08:59,74M,026/027 overlap
2024,026_archv.2024_116_03_3z.nc,2025-01-10 06:42,2.4G,026/027 overlap
2024,026_archv.2024_116_04_2d.nc,2024-12-26 08:59,74M,026/027 overlap
2024,026_archv.2024_116_04_3z.nc,2025-01-10 06:42,2.4G,026/027 overlap
2024,026_archv.2024_116_05_2d.nc,2024-12-26 08:59,74M,026/027 overlap
2024,026_archv.2024_116_05_3z.nc,2025-01-10 06:42,2.4G,026/027 overlap
2024,026_archv.2024_116_06_2d.nc,2024-12-26 08:59,74M,026/027 overlap
2024,026_archv.2024_116_06_3z.nc,2025-01-10 06:46,2.4G,026/027 overlap
2024,026_archv.2024_116_07_2d.nc,2024-12-26 08:59,74M,026/027 overlap
2024,026_archv.2024_116_07_3z.nc,2025-01-10 06:46,2.4G,026/027 overlap
2024,026_archv.2024_116_08_2d.nc,2024-12-26 08:59,74M,026/027 overlap
2024,026_archv.2024_116_08_3z.nc,2025-01-10 06:46,2.4G,026/027 overlap
2024,026_archv.2024_116_09_2d.nc,2024-12-26 08:59,74M,026/027 overlap
2024,026_archv.2024_116_09_3z.nc,2025-01-10 06:46,2.4G,026/027 overlap
2024,026_archv.2024_116_10_2d.nc,2024-12-26 08:59,74M,026/027 overlap
2024,026_archv.2024_116_10_3z.nc,2025-01-10 06:46,2.4G,026/027 overlap
2024,026_archv.2024_116_11_2d.nc,2024-12-26 08:59,74M,026/027 overlap
2024,026_archv.2024_116_11_3z.nc,2025-01-10 06:46,2.4G,026/027 overlap
2024,026_archv.2024_116_12_2d.nc,2024-12-26 08:59,74M,026/027 overlap
2024,026_archv.2024_116_12_3z.nc,2025-01-10 06:50,2.4G,026/027 overlap
2024,026_archv.2024_116_13_2d.nc,2024-12-26 08:59,74M,026/027 overlap
2024,026_archv.2024_116_13_3z.nc,2025-01-10 06:51,2.4G,026/027 overlap
2024,026_archv.2024_116_14_2d.nc,2024-12-26 08:59,74M,026/027 overlap
2024,026_archv.2024_116_14_3z.nc,2025-01-10 06:51,2.4G,026/027 overlap
2024,026_archv.2024_116_15_2d.nc,2024-12-26 08:59,74M,026/027 overlap
2024,026_archv.2024_116_15_3z.nc,2025-01-10 06:51,2.4G,026/027 overlap
2024,026_archv.2024_116_16_2d.nc,2024-12-26 08:59,74M,026/027 overlap
2024,026_archv.2024_116_16_3z.nc,2025-01-10 06:51,2.4G,026/027 overlap
2024,026_archv.2024_116_17_2d.nc,2024-12-26 08:59,74M,026/027 overlap
2024,026_archv.2024_116_17_3z.nc,2025-01-10 06:51,2.4G,026/027 overlap
2024,026_archv.2024_116_18_2d.nc,2024-12-26 08:59,74M,026/027 overlap
2024,026_archv.2024_116_18_3z.nc,2025-01-10 06:55,2.4G,026/027 overlap
2024,026_archv.2024_116_19_2d.nc,2024-12-26 08:59,74M,026/027 overlap
2024,026_archv.2024_116_19_3z.nc,2025-01-10 06:55,2.4G,026/027 overlap
2024,026_archv.2024_116_20_2d.nc,2024-12-26 08:59,74M,026/027 overlap
2024,026_archv.2024_116_20_3z.nc,2025-01-10 06:55,2.4G,026/027 overlap
2024,026_archv.2024_116_21_2d.nc,2024-12-26 08:59,74M,026/027 overlap
2024,026_archv.2024_116_21_3z.nc,2025-01-10 06:55,2.4G,026/027 overlap
2024,026_archv.2024_116_22_2d.nc,2024-12-26 08:59,74M,026/027 overlap
2024,026_archv.2024_116_22_3z.nc,2025-01-10 06:55,2.4G,026/027 overlap
2024,026_archv.2024_116_23_2d.nc,2024-12-26 08:59,74M,026/027 overlap
2024,026_archv.2024_116_23_3z.nc,2025-01-10 06:55,2.4G,026/027 overlap
2024,026_archv.2024_117_00_2d.nc,2024-12-26 09:00,74M,026/027 overlap
2024,026_archv.2024_117_00_3z.nc,2025-01-10 07:00,2.4G,026/027 overlap
2024,026_archv.2024_117_01_2d.nc,2024-12-26 09:00,74M,026/027 overlap
2024,026_archv.2024_117_01_3z.nc,2025-01-10 07:00,2.4G,026/027 overlap
2024,026_archv.2024_117_02_2d.nc,2024-12-26 09:00,74M,026/027 overlap
2024,026_archv.2024_117_02_3z.nc,2025-01-10 07:00,2.4G,026/027 overlap
2024,026_archv.2024_117_03_2d.nc,2024-12-26 09:00,74M,026/027 overlap
2024,026_archv.2024_117_03_3z.nc,2025-01-10 07:00,2.4G,026/027 overlap
2024,026_archv.2024_117_04_2d.nc,2024-12-26 09:00,74M,026/027 overlap
2024,026_archv.2024_117_04_3z.nc,2025-01-10 07:00,2.4G,026/027 overlap
2024,026_archv.2024_117_05_2d.nc,2024-12-26 09:00,74M,026/027 overlap
2024,026_archv.2024_117_05_3z.nc,2025-01-10 07:00,2.4G,026/027 overlap
2024,026_archv.2024_117_06_2d.nc,2024-12-26 09:00,74M,026/027 overlap
2024,026_archv.2024_117_06_3z.nc,2025-01-10 07:05,2.4G,026/027 overlap
2024,026_archv.2024_117_07_2d.nc,2024-12-26 09:00,74M,026/027 overlap
2024,026_archv.2024_117_07_3z.nc,2025-01-10 07:05,2.4G,026/027 overlap
2024,026_archv.2024_117_08_2d.nc,2024-12-26 09:00,74M,026/027 overlap
2024,026_archv.2024_117_08_3z.nc,2025-01-10 07:05,2.4G,026/027 overlap
2024,026_archv.2024_117_09_2d.nc,2024-12-26 09:00,74M,026/027 overlap
2024,026_archv.2024_117_09_3z.nc,2025-01-10 07:05,2.4G,026/027 overlap
2024,026_archv.2024_117_10_2d.nc,2024-12-26 09:00,74M,026/027 overlap
2024,026_archv.2024_117_10_3z.nc,2025-01-10 07:05,2.4G,026/027 overlap
2024,026_archv.2024_117_11_2d.nc,2024-12-26 09:00,74M,026/027 overlap
2024,026_archv.2024_117_11_3z.nc,2025-01-10 07:05,2.4G,026/027 overlap
2024,026_archv.2024_117_12_2d.nc,2024-12-26 09:00,74M,026/027 overlap
2024,026_archv.2024_117_12_3z.nc,2025-01-10 07:09,2.4G,026/027 overlap
2024,026_archv.2024_117_13_2d.nc,2024-12-26 09:00,74M,026/027 overlap
2024,026_archv.2024_117_13_3z.nc,2025-01-10 07:09,2.4G,026/027 overlap
2024,026_archv.2024_117_14_2d.nc,2024-12-26 09:00,74M,026/027 overlap
2024,026_archv.2024_117_14_3z.nc,2025-01-10 07:09,2.4G,026/027 overlap
2024,026_archv.2024_117_15_2d.nc,2024-12-26 09:00,74M,026/027 overlap
2024,026_archv.2024_117_15_3z.nc,2025-01-10 07:09,2.4G,026/027 overlap
2024,026_archv.2024_117_16_2d.nc,2024-12-26 09:00,74M,026/027 overlap
2024,026_archv.2024_117_16_3z.nc,2025-01-10 07:09,2.4G,026/027 overlap
2024,026_archv.2024_117_17_2d.nc,2024-12-26 09:00,74M,026/027 overlap
2024,026_archv.2024_117_17_3z.nc,2025-01-10 07:09,2.4G,026/027 overlap
2024,026_archv.2024_117_18_2d.nc,2024-12-26 09:00,74M,026/027 overlap
2024,026_archv.2024_117_18_3z.nc,2025-01-10 07:14,2.4G,026/027 overlap
2024,026_archv.2024_117_19_2d.nc,2024-12-26 09:00,74M,026/027 overlap
2024,026_archv.2024_117_19_3z.nc,2025-01-10 07:14,2.4G,026/027 overlap
2024,026_archv.2024_117_20_2d.nc,2024-12-26 09:00,74M,026/027 overlap
2024,026_archv.2024_117_20_3z.nc,2025-01-10 07:14,2.4G,026/027 overlap
2024,026_archv.2024_117_21_2d.nc,2024-12-26 09:00,74M,026/027 overlap
2024,026_archv.2024_117_21_3z.nc,2025-01-10 07:14,2.4G,026/027 overlap
2024,026_archv.2024_117_22_2d.nc,2024-12-26 09:00,74M,026/027 overlap
2024,026_archv.2024_117_22_3z.nc,2025-01-10 07:14,2.4G,026/027 overlap
2024,026_archv.2024_117_23_2d.nc,2024-12-26 09:00,74M,026/027 overlap
2024,026_archv.2024_117_23_3z.nc,2025-01-10 07:14,2.4G,026/027 overlap
2024,026_archv.2024_118_00_2d.nc,2024-12-26 09:01,74M,026/027 overlap
2024,026_archv.2024_118_00_3z.nc,2025-01-10 07:19,2.4G,026/027 overlap
2024,026_archv.2024_118_01_2d.nc,2024-12-26 09:01,74M,026/027 overlap
2024,026_archv.2024_118_01_3z.nc,2025-01-10 07:19,2.4G,026/027 overlap
2024,026_archv.2024_118_02_2d.nc,2024-12-26 09:01,74M,026/027 overlap
2024,026_archv.2024_118_02_3z.nc,2025-01-10 07:19,2.4G,026/027 overlap
2024,026_archv.2024_118_03_2d.nc,2024-12-26 09:01,74M,026/027 overlap
2024,026_archv.2024_118_03_3z.nc,2025-01-10 07:20,2.4G,026/027 overlap
2024,026_archv.2024_118_04_2d.nc,2024-12-26 09:01,74M,026/027 overlap
2024,026_archv.2024_118_04_3z.nc,2025-01-10 07:20,2.4G,026/027 overlap
2024,026_archv.2024_118_05_2d.nc,2024-12-26 09:01,74M,026/027 overlap
2024,026_archv.2024_118_05_3z.nc,2025-01-10 07:20,2.4G,026/027 overlap
2024,026_archv.2024_118_06_2d.nc,2024-12-26 09:01,74M,026/027 overlap
2024,026_archv.2024_118_06_3z.nc,2025-01-10 07:24,2.4G,026/027 overlap
2024,026_archv.2024_118_07_2d.nc,2024-12-26 09:01,74M,026/027 overlap
2024,026_archv.2024_118_07_3z.nc,2025-01-10 07:24,2.4G,026/027 overlap
2024,026_archv.2024_118_08_2d.nc,2024-12-26 09:01,74M,026/027 overlap
2024,026_archv.2024_118_08_3z.nc,2025-01-10 07:24,2.4G,026/027 overlap
2024,026_archv.2024_118_09_2d.nc,2024-12-26 09:01,74M,026/027 overlap
2024,026_archv.2024_118_09_3z.nc,2025-01-10 07:24,2.4G,026/027 overlap
2024,026_archv.2024_118_10_2d.nc,2024-12-26 09:01,74M,026/027 overlap
2024,026_archv.2024_118_10_3z.nc,2025-01-10 07:24,2.4G,026/027 overlap
2024,026_archv.2024_118_11_2d.nc,2024-12-26 09:01,74M,026/027 overlap
2024,026_archv.2024_118_11_3z.nc,2025-01-10 07:24,2.4G,026/027 overlap
2024,026_archv.2024_118_12_2d.nc,2024-12-26 09:01,74M,026/027 overlap
2024,026_archv.2024_118_12_3z.nc,2025-01-10 07:29,2.4G,026/027 overlap
2024,026_archv.2024_118_13_2d.nc,2024-12-26 09:01,74M,026/027 overlap
2024,026_archv.2024_118_13_3z.nc,2025-01-10 07:29,2.4G,026/027 overlap
2024,026_archv.2024_118_14_2d.nc,2024-12-26 09:01,74M,026/027 overlap
2024,026_archv.2024_118_14_3z.nc,2025-01-10 07:29,2.4G,026/027 overlap
2024,026_archv.2024_118_15_2d.nc,2024-12-26 09:01,74M,026/027 overlap
2024,026_archv.2024_118_15_3z.nc,2025-01-10 07:29,2.4G,026/027 overlap
2024,026_archv.2024_118_16_2d.nc,2024-12-26 09:01,74M,026/027 overlap
2024,026_archv.2024_118_16_3z.nc,2025-01-10 07:29,2.4G,026/027 overlap
2024,026_archv.2024_118_17_2d.nc,2024-12-26 09:01,74M,026/027 overlap
2024,026_archv.2024_118_17_3z.nc,2025-01-10 07:29,2.4G,026/027 overlap
2024,026_archv.2024_118_18_2d.nc,2024-12-26 09:01,74M,026/027 overlap
2024,026_archv.2024_118_18_3z.nc,2025-01-10 07:34,2.4G,026/027 overlap
2024,026_archv.2024_118_19_2d.nc,2024-12-26 09:01,74M,026/027 overlap
2024,026_archv.2024_118_19_3z.nc,2025-01-10 07:34,2.4G,026/027 overlap
2024,026_archv.2024_118_20_2d.nc,2024-12-26 09:01,74M,026/027 overlap
2024,026_archv.2024_118_20_3z.nc,2025-01-10 07:34,2.4G,026/027 overlap
2024,026_archv.2024_118_21_2d.nc,2024-12-26 09:01,74M,026/027 overlap
2024,026_archv.2024_118_21_3z.nc,2025-01-10 07:34,2.4G,026/027 overlap
2024,026_archv.2024_118_22_2d.nc,2024-12-26 09:01,74M,026/027 overlap
2024,026_archv.2024_118_22_3z.nc,2025-01-10 07:34,2.4G,026/027 overlap
2024,026_archv.2024_118_23_2d.nc,2024-12-26 09:01,74M,026/027 overlap
2024,026_archv.2024_118_23_3z.nc,2025-01-10 07:34,2.4G,026/027 overlap
2024,026_archv.2024_119_00_2d.nc,2024-12-26 09:02,74M,026/027 overlap
2024,026_archv.2024_119_00_3z.nc,2025-01-10 07:39,2.4G,026/027 overlap
2024,026_archv.2024_119_01_2d.nc,2024-12-26 09:02,74M,026/027 overlap
2024,026_archv.2024_119_01_3z.nc,2025-01-10 07:39,2.4G,026/027 overlap
2024,026_archv.2024_119_02_2d.nc,2024-12-26 09:02,74M,026/027 overlap
2024,026_archv.2024_119_02_3z.nc,2025-01-10 07:39,2.4G,026/027 overlap
2024,026_archv.2024_119_03_2d.nc,2024-12-26 09:02,74M,026/027 overlap
2024,026_archv.2024_119_03_3z.nc,2025-01-10 07:40,2.4G,026/027 overlap
2024,026_archv.2024_119_04_2d.nc,2024-12-26 09:02,74M,026/027 overlap
2024,026_archv.2024_119_04_3z.nc,2025-01-10 07:40,2.4G,026/027 overlap
2024,026_archv.2024_119_05_2d.nc,2024-12-26 09:02,74M,026/027 overlap
2024,026_archv.2024_119_05_3z.nc,2025-01-10 07:40,2.4G,026/027 overlap
2024,026_archv.2024_119_06_2d.nc,2024-12-26 09:02,74M,026/027 overlap
2024,026_archv.2024_119_06_3z.nc,2025-01-10 07:44,2.4G,026/027 overlap
2024,026_archv.2024_119_07_2d.nc,2024-12-26 09:02,74M,026/027 overlap
2024,026_archv.2024_119_07_3z.nc,2025-01-10 07:44,2.4G,026/027 overlap
2024,026_archv.2024_119_08_2d.nc,2024-12-26 09:02,74M,026/027 overlap
2024,026_archv.2024_119_08_3z.nc,2025-01-10 07:44,2.4G,026/027 overlap
2024,026_archv.2024_119_09_2d.nc,2024-12-26 09:02,74M,026/027 overlap
2024,026_archv.2024_119_09_3z.nc,2025-01-10 07:44,2.4G,026/027 overlap
2024,026_archv.2024_119_10_2d.nc,2024-12-26 09:02,74M,026/027 overlap
2024,026_archv.2024_119_10_3z.nc,2025-01-10 07:44,2.4G,026/027 overlap
2024,026_archv.2024_119_11_2d.nc,2024-12-26 09:02,74M,026/027 overlap
2024,026_archv.2024_119_11_3z.nc,2025-01-10 07:44,2.4G,026/027 overlap
2024,026_archv.2024_119_12_2d.nc,2024-12-26 09:02,74M,026/027 overlap
2024,026_archv.2024_119_12_3z.nc,2025-01-10 07:49,2.4G,026/027 overlap
2024,026_archv.2024_119_13_2d.nc,2024-12-26 09:02,74M,026/027 overlap
2024,026_archv.2024_119_13_3z.nc,2025-01-10 07:49,2.4G,026/027 overlap
2024,026_archv.2024_119_14_2d.nc,2024-12-26 09:02,74M,026/027 overlap
2024,026_archv.2024_119_14_3z.nc,2025-01-10 07:49,2.4G,026/027 overlap
2024,026_archv.2024_119_15_2d.nc,2024-12-26 09:02,74M,026/027 overlap
2024,026_archv.2024_119_15_3z.nc,2025-01-10 07:49,2.4G,026/027 overlap
2024,026_archv.2024_119_16_2d.nc,2024-12-26 09:02,74M,026/027 overlap
2024,026_archv.2024_119_16_3z.nc,2025-01-10 07:49,2.4G,026/027 overlap
2024,026_archv.2024_119_17_2d.nc,2024-12-26 09:02,74M,026/027 overlap
2024,026_archv.2024_119_17_3z.nc,2025-01-10 07:49,2.4G,026/027 overlap
2024,026_archv.2024_119_18_2d.nc,2024-12-26 09:02,74M,026/027 overlap
2024,026_archv.2024_119_18_3z.nc,2025-01-10 07:53,2.4G,026/027 overlap
2024,026_archv.2024_119_19_2d.nc,2024-12-26 09:02,74M,026/027 overlap
2024,026_archv.2024_119_19_3z.nc,2025-01-10 07:53,2.4G,026/027 overlap
2024,026_archv.2024_119_20_2d.nc,2024-12-26 09:02,74M,026/027 overlap
2024,026_archv.2024_119_20_3z.nc,2025-01-10 07:53,2.4G,026/027 overlap
2024,026_archv.2024_119_21_2d.nc,2024-12-26 09:02,74M,026/027 overlap
2024,026_archv.2024_119_21_3z.nc,2025-01-10 07:53,2.4G,026/027 overlap
2024,026_archv.2024_119_22_2d.nc,2024-12-26 09:02,74M,026/027 overlap
2024,026_archv.2024_119_22_3z.nc,2025-01-10 07:53,2.4G,026/027 overlap
2024,026_archv.2024_119_23_2d.nc,2024-12-26 09:02,74M,026/027 overlap
2024,026_archv.2024_119_23_3z.nc,2025-01-10 07:53,2.4G,026/027 overlap
2024,027_archv.2024_092_19_2d.nc,2025-09-19 15:16,74M,026/027 overlap
2024,027_archv.2024_092_19_3z.nc,2025-09-16 11:49,2.5G,026/027 overlap
2024,027_archv.2024_092_20_2d.nc,2025-09-19 15:16,74M,026/027 overlap
2024,027_archv.2024_092_20_3z.nc,2025-09-16 11:49,2.5G,026/027 overlap
2024,027_archv.2024_092_21_2d.nc,2025-09-19 15:16,74M,026/027 overlap
2024,027_archv.2024_092_21_3z.nc,2025-09-16 11:50,2.5G,026/027 overlap
2024,027_archv.2024_092_22_2d.nc,2025-09-19 15:16,74M,026/027 overlap
2024,027_archv.2024_092_22_3z.nc,2025-09-16 11:50,2.5G,026/027 overlap
2024,027_archv.2024_092_23_2d.nc,2025-09-19 15:16,74M,026/027 overlap
2024,027_archv.2024_092_23_3z.nc,2025-09-16 11:50,2.5G,026/027 overlap
2024,027_archv.2024_093_00_2d.nc,2025-09-19 15:16,74M,026/027 overlap
2024,027_archv.2024_093_00_3z.nc,2025-09-16 11:51,2.5G,026/027 overlap
2024,027_archv.2024_093_01_2d.nc,2025-09-19 15:16,74M,026/027 overlap
2024,027_archv.2024_093_01_3z.nc,2025-09-16 11:51,2.5G,026/027 overlap
2024,027_archv.2024_093_02_2d.nc,2025-09-19 15:16,74M,026/027 overlap
2024,027_archv.2024_093_02_3z.nc,2025-09-16 11:51,2.5G,026/027 overlap
2024,027_archv.2024_093_03_2d.nc,2025-09-19 15:16,74M,026/027 overlap
2024,027_archv.2024_093_03_3z.nc,2025-09-16 11:52,2.5G,026/027 overlap
2024,027_archv.2024_093_04_2d.nc,2025-09-19 15:16,74M,026/027 overlap
2024,027_archv.2024_093_04_3z.nc,2025-09-16 11:52,2.5G,026/027 overlap
2024,027_archv.2024_093_05_2d.nc,2025-09-19 15:16,74M,026/027 overlap
2024,027_archv.2024_093_05_3z.nc,2025-09-16 11:52,2.5G,026/027 overlap
2024,027_archv.2024_093_06_2d.nc,2025-09-19 15:16,74M,026/027 overlap
2024,027_archv.2024_093_06_3z.nc,2025-09-16 11:53,2.5G,026/027 overlap
2024,027_archv.2024_093_07_2d.nc,2025-09-19 15:16,74M,026/027 overlap
2024,027_archv.2024_093_07_3z.nc,2025-09-16 11:53,2.5G,026/027 overlap
2024,027_archv.2024_093_08_2d.nc,2025-09-19 15:16,74M,026/027 overlap
2024,027_archv.2024_093_08_3z.nc,2025-09-16 11:53,2.5G,026/027 overlap
2024,027_archv.2024_093_09_2d.nc,2025-09-19 15:16,74M,026/027 overlap
2024,027_archv.2024_093_09_3z.nc,2025-09-16 11:53,2.5G,026/027 overlap
2024,027_archv.2024_093_10_2d.nc,2025-09-19 15:16,74M,026/027 overlap
2024,027_archv.2024_093_10_3z.nc,2025-09-16 11:54,2.5G,026/027 overlap
2024,027_archv.2024_093_11_2d.nc,2025-09-19 15:16,74M,026/027 overlap
2024,027_archv.2024_093_11_3z.nc,2025-09-16 11:54,2.5G,026/027 overlap
2024,027_archv.2024_093_12_2d.nc,2025-09-19 15:16,74M,026/027 overlap
2024,027_archv.2024_093_12_3z.nc,2025-09-16 11:55,2.5G,026/027 overlap
2024,027_archv.2024_093_13_2d.nc,2025-09-19 15:16,74M,026/027 overlap
2024,027_archv.2024_093_13_3z.nc,2025-09-16 11:55,2.5G,026/027 overlap
2024,027_archv.2024_093_14_2d.nc,2025-09-19 15:16,74M,026/027 overlap
2024,027_archv.2024_093_14_3z.nc,2025-09-16 11:55,2.5G,026/027 overlap
2024,027_archv.2024_093_15_2d.nc,2025-09-19 15:16,74M,026/027 overlap
2024,027_archv.2024_093_15_3z.nc,2025-09-16 11:56,2.5G,026/027 overlap
2024,027_archv.2024_093_16_2d.nc,2025-09-19 15:16,74M,026/027 overlap
2024,027_archv.2024_093_16_3z.nc,2025-09-16 11:56,2.5G,026/027 overlap
2024,027_archv.2024_093_17_2d.nc,2025-09-19 15:16,74M,026/027 overlap
2024,027_archv.2024_093_17_3z.nc,2025-09-16 11:56,2.5G,026/027 overlap
2024,027_archv.2024_093_18_2d.nc,2025-09-19 15:16,74M,026/027 overlap
2024,027_archv.2024_093_18_3z.nc,2025-09-16 11:57,2.5G,026/027 overlap
2024,027_archv.2024_093_19_2d.nc,2025-09-19 15:16,74M,026/027 overlap
2024,027_archv.2024_093_19_3z.nc,2025-09-16 11:57,2.5G,026/027 overlap
2024,027_archv.2024_093_20_2d.nc,2025-09-19 15:16,74M,026/027 overlap
2024,027_archv.2024_093_20_3z.nc,2025-09-16 11:57,2.5G,026/027 overlap
2024,027_archv.2024_093_21_2d.nc,2025-09-19 15:16,74M,026/027 overlap
2024,027_archv.2024_093_21_3z.nc,2025-09-16 11:58,2.5G,026/027 overlap
2024,027_archv.2024_093_22_2d.nc,2025-09-19 15:16,74M,026/027 overlap
2024,027_archv.2024_093_22_3z.nc,2025-09-16 11:58,2.5G,026/027 overlap
2024,027_archv.2024_093_23_2d.nc,2025-09-19 15:16,74M,026/027 overlap
2024,027_archv.2024_093_23_3z.nc,2025-09-16 11:58,2.5G,026/027 overlap
2024,027_archv.2024_094_00_2d.nc,2025-09-19 15:16,74M,026/027 overlap
2024,027_archv.2024_094_00_3z.nc,2025-09-16 11:58,2.5G,026/027 overlap
2024,027_archv.2024_094_01_2d.nc,2025-09-19 15:16,74M,026/027 overlap
2024,027_archv.2024_094_01_3z.nc,2025-09-16 11:59,2.5G,026/027 overlap
2024,027_archv.2024_094_02_2d.nc,2025-09-19 15:16,74M,026/027 overlap
2024,027_archv.2024_094_02_3z.nc,2025-09-16 11:59,2.5G,026/027 overlap
2024,027_archv.2024_094_03_2d.nc,2025-09-19 15:16,74M,026/027 overlap
2024,027_archv.2024_094_03_3z.nc,2025-09-16 11:59,2.5G,026/027 overlap
2024,027_archv.2024_094_04_2d.nc,2025-09-19 15:16,74M,026/027 overlap
2024,027_archv.2024_094_04_3z.nc,2025-09-16 12:00,2.5G,026/027 overlap
2024,027_archv.2024_094_05_2d.nc,2025-09-19 15:16,74M,026/027 overlap
2024,027_archv.2024_094_05_3z.nc,2025-09-16 12:00,2.5G,026/027 overlap
2024,027_archv.2024_094_06_2d.nc,2025-09-19 15:16,74M,026/027 overlap
2024,027_archv.2024_094_06_3z.nc,2025-09-16 12:00,2.5G,026/027 overlap
2024,027_archv.2024_094_07_2d.nc,2025-09-19 15:16,74M,026/027 overlap
2024,027_archv.2024_094_07_3z.nc,2025-09-16 12:01,2.5G,026/027 overlap
2024,027_archv.2024_094_08_2d.nc,2025-09-19 15:16,74M,026/027 overlap
2024,027_archv.2024_094_08_3z.nc,2025-09-16 12:01,2.5G,026/027 overlap
2024,027_archv.2024_094_09_2d.nc,2025-09-19 15:16,74M,026/027 overlap
2024,027_archv.2024_094_09_3z.nc,2025-09-16 12:01,2.5G,026/027 overlap
2024,027_archv.2024_094_10_2d.nc,2025-09-19 15:16,74M,026/027 overlap
2024,027_archv.2024_094_10_3z.nc,2025-09-16 12:01,2.5G,026/027 overlap
2024,027_archv.2024_094_11_2d.nc,2025-09-19 15:16,74M,026/027 overlap
2024,027_archv.2024_094_11_3z.nc,2025-09-16 12:02,2.5G,026/027 overlap
2024,027_archv.2024_094_12_2d.nc,2025-09-19 15:16,74M,026/027 overlap
2024,027_archv.2024_094_12_3z.nc,2025-09-16 12:02,2.5G,026/027 overlap
2024,027_archv.2024_094_13_2d.nc,2025-09-19 15:16,74M,026/027 overlap
2024,027_archv.2024_094_13_3z.nc,2025-09-16 12:02,2.5G,026/027 overlap
2024,027_archv.2024_094_14_2d.nc,2025-09-19 15:16,74M,026/027 overlap
2024,027_archv.2024_094_14_3z.nc,2025-09-16 12:03,2.5G,026/027 overlap
2024,027_archv.2024_094_15_2d.nc,2025-09-19 15:16,74M,026/027 overlap
2024,027_archv.2024_094_15_3z.nc,2025-09-16 12:03,2.5G,026/027 overlap
2024,027_archv.2024_094_16_2d.nc,2025-09-19 15:16,74M,026/027 overlap
2024,027_archv.2024_094_16_3z.nc,2025-09-16 12:03,2.5G,026/027 overlap
2024,027_archv.2024_094_17_2d.nc,2025-09-19 15:17,74M,026/027 overlap
2024,027_archv.2024_094_17_3z.nc,2025-09-16 12:03,2.5G,026/027 overlap
2024,027_archv.2024_094_18_2d.nc,2025-09-19 15:17,74M,026/027 overlap
2024,027_archv.2024_094_18_3z.nc,2025-09-16 12:04,2.5G,026/027 overlap
2024,027_archv.2024_094_19_2d.nc,2025-09-19 15:17,74M,026/027 overlap
2024,027_archv.2024_094_19_3z.nc,2025-09-16 12:04,2.5G,026/027 overlap
2024,027_archv.2024_094_20_2d.nc,2025-09-19 15:17,74M,026/027 overlap
2024,027_archv.2024_094_20_3z.nc,2025-09-16 12:04,2.5G,026/027 overlap
2024,027_archv.2024_094_21_2d.nc,2025-09-19 15:17,74M,026/027 overlap
2024,027_archv.2024_094_21_3z.nc,2025-09-16 12:05,2.5G,026/027 overlap
2024,027_archv.2024_094_22_2d.nc,2025-09-19 15:17,74M,026/027 overlap
2024,027_archv.2024_094_22_3z.nc,2025-09-16 12:05,2.5G,026/027 overlap
2024,027_archv.2024_094_23_2d.nc,2025-09-19 15:17,74M,026/027 overlap
2024,027_archv.2024_094_23_3z.nc,2025-09-16 12:06,2.5G,026/027 overlap
2024,027_archv.2024_095_00_2d.nc,2025-09-19 15:17,74M,026/027 overlap
2024,027_archv.2024_095_00_3z.nc,2025-09-16 12:06,2.5G,026/027 overlap
2024,027_archv.2024_095_01_2d.nc,2025-09-19 15:17,74M,026/027 overlap
2024,027_archv.2024_095_01_3z.nc,2025-09-16 12:06,2.5G,026/027 overlap
2024,027_archv.2024_095_02_2d.nc,2025-09-19 15:17,74M,026/027 overlap
2024,027_archv.2024_095_02_3z.nc,2025-09-16 12:07,2.5G,026/027 overlap
2024,027_archv.2024_095_03_2d.nc,2025-09-19 15:17,74M,026/027 overlap
2024,027_archv.2024_095_03_3z.nc,2025-09-16 12:07,2.5G,026/027 overlap
2024,027_archv.2024_095_04_2d.nc,2025-09-19 15:17,74M,026/027 overlap
2024,027_archv.2024_095_04_3z.nc,2025-09-16 12:08,2.5G,026/027 overlap
2024,027_archv.2024_095_05_2d.nc,2025-09-19 15:17,74M,026/027 overlap
2024,027_archv.2024_095_05_3z.nc,2025-09-16 12:08,2.5G,026/027 overlap
2024,027_archv.2024_095_06_2d.nc,2025-09-19 15:17,74M,026/027 overlap
2024,027_archv.2024_095_06_3z.nc,2025-09-16 12:09,2.5G,026/027 overlap
2024,027_archv.2024_095_07_2d.nc,2025-09-19 15:17,74M,026/027 overlap
2024,027_archv.2024_095_07_3z.nc,2025-09-16 12:09,2.5G,026/027 overlap
2024,027_archv.2024_095_08_2d.nc,2025-09-19 15:17,74M,026/027 overlap
2024,027_archv.2024_095_08_3z.nc,2025-09-16 12:10,2.5G,026/027 overlap
2024,027_archv.2024_095_09_2d.nc,2025-09-19 15:17,74M,026/027 overlap
2024,027_archv.2024_095_09_3z.nc,2025-09-16 12:10,2.5G,026/027 overlap
2024,027_archv.2024_095_10_2d.nc,2025-09-19 15:17,74M,026/027 overlap
2024,027_archv.2024_095_10_3z.nc,2025-09-16 12:11,2.5G,026/027 overlap
2024,027_archv.2024_095_11_2d.nc,2025-09-19 15:17,74M,026/027 overlap
2024,027_archv.2024_095_11_3z.nc,2025-09-16 12:11,2.5G,026/027 overlap
2024,027_archv.2024_095_12_2d.nc,2025-09-19 15:17,74M,026/027 overlap
2024,027_archv.2024_095_12_3z.nc,2025-09-16 12:11,2.5G,026/027 overlap
2024,027_archv.2024_095_13_2d.nc,2025-09-19 15:17,74M,026/027 overlap
2024,027_archv.2024_095_13_3z.nc,2025-09-16 12:12,2.5G,026/027 overlap
2024,027_archv.2024_095_14_2d.nc,2025-09-19 15:17,74M,026/027 overlap
2024,027_archv.2024_095_14_3z.nc,2025-09-16 12:12,2.5G,026/027 overlap
2024,027_archv.2024_095_15_2d.nc,2025-09-19 15:17,74M,026/027 overlap
2024,027_archv.2024_095_15_3z.nc,2025-09-16 12:13,2.5G,026/027 overlap
2024,027_archv.2024_095_16_2d.nc,2025-09-19 15:17,74M,026/027 overlap
2024,027_archv.2024_095_16_3z.nc,2025-09-16 12:14,2.5G,026/027 overlap
2024,027_archv.2024_095_17_2d.nc,2025-09-19 15:17,74M,026/027 overlap
2024,027_archv.2024_095_17_3z.nc,2025-09-16 12:14,2.5G,026/027 overlap
2024,027_archv.2024_095_18_2d.nc,2025-09-19 15:17,74M,026/027 overlap
2024,027_archv.2024_095_18_3z.nc,2025-09-16 12:15,2.5G,026/027 overlap
2024,027_archv.2024_095_19_2d.nc,2025-09-19 15:17,74M,026/027 overlap
2024,027_archv.2024_095_19_3z.nc,2025-09-16 12:16,2.5G,026/027 overlap
2024,027_archv.2024_095_20_2d.nc,2025-09-19 15:17,74M,026/027 overlap
2024,027_archv.2024_095_20_3z.nc,2025-09-16 12:16,2.5G,026/027 overlap
2024,027_archv.2024_095_21_2d.nc,2025-09-19 15:17,74M,026/027 overlap
2024,027_archv.2024_095_21_3z.nc,2025-09-16 12:17,2.5G,026/027 overlap
2024,027_archv.2024_095_22_2d.nc,2025-09-19 15:17,74M,026/027 overlap
2024,027_archv.2024_095_22_3z.nc,2025-09-16 12:18,2.5G,026/027 overlap
2024,027_archv.2024_095_23_2d.nc,2025-09-19 15:17,74M,026/027 overlap
2024,027_archv.2024_095_23_3z.nc,2025-09-16 12:18,2.5G,026/027 overlap
2024,027_archv.2024_096_00_2d.nc,2025-09-19 15:17,74M,026/027 overlap
2024,027_archv.2024_096_00_3z.nc,2025-09-16 12:18,2.5G,026/027 overlap
2024,027_archv.2024_096_01_2d.nc,2025-09-19 15:17,74M,026/027 overlap
2024,027_archv.2024_096_01_3z.nc,2025-09-16 12:19,2.5G,026/027 overlap
2024,027_archv.2024_096_02_2d.nc,2025-09-19 15:17,74M,026/027 overlap
2024,027_archv.2024_096_02_3z.nc,2025-09-16 12:19,2.5G,026/027 overlap
2024,027_archv.2024_096_03_2d.nc,2025-09-19 15:17,74M,026/027 overlap
2024,027_archv.2024_096_03_3z.nc,2025-09-16 12:20,2.5G,026/027 overlap
2024,027_archv.2024_096_04_2d.nc,2025-09-19 15:17,74M,026/027 overlap
2024,027_archv.2024_096_04_3z.nc,2025-09-16 12:20,2.5G,026/027 overlap
2024,027_archv.2024_096_05_2d.nc,2025-09-19 15:17,74M,026/027 overlap
2024,027_archv.2024_096_05_3z.nc,2025-09-16 12:21,2.5G,026/027 overlap
2024,027_archv.2024_096_06_2d.nc,2025-09-19 15:17,74M,026/027 overlap
2024,027_archv.2024_096_06_3z.nc,2025-09-16 12:21,2.5G,026/027 overlap
2024,027_archv.2024_096_07_2d.nc,2025-09-19 15:17,74M,026/027 overlap
2024,027_archv.2024_096_07_3z.nc,2025-09-16 12:22,2.5G,026/027 overlap
2024,027_archv.2024_096_08_2d.nc,2025-09-19 15:17,74M,026/027 overlap
2024,027_archv.2024_096_08_3z.nc,2025-09-16 12:22,2.5G,026/027 overlap
2024,027_archv.2024_096_09_2d.nc,2025-09-19 15:17,74M,026/027 overlap
2024,027_archv.2024_096_09_3z.nc,2025-09-16 12:22,2.5G,026/027 overlap
2024,027_archv.2024_096_10_2d.nc,2025-09-19 15:17,74M,026/027 overlap
2024,027_archv.2024_096_10_3z.nc,2025-09-16 12:23,2.5G,026/027 overlap
2024,027_archv.2024_096_11_2d.nc,2025-09-19 15:17,74M,026/027 overlap
2024,027_archv.2024_096_11_3z.nc,2025-09-16 12:23,2.5G,026/027 overlap
2024,027_archv.2024_096_12_2d.nc,2025-09-19 15:17,74M,026/027 overlap
2024,027_archv.2024_096_12_3z.nc,2025-09-16 12:24,2.5G,026/027 overlap
2024,027_archv.2024_096_13_2d.nc,2025-09-19 15:17,74M,026/027 overlap
2024,027_archv.2024_096_13_3z.nc,2025-09-16 12:24,2.5G,026/027 overlap
2024,027_archv.2024_096_14_2d.nc,2025-09-19 15:17,74M,026/027 overlap
2024,027_archv.2024_096_14_3z.nc,2025-09-16 12:25,2.5G,026/027 overlap
2024,027_archv.2024_096_15_2d.nc,2025-09-19 15:17,74M,026/027 overlap
2024,027_archv.2024_096_15_3z.nc,2025-09-16 12:25,2.5G,026/027 overlap
2024,027_archv.2024_096_16_2d.nc,2025-09-19 15:17,74M,026/027 overlap
2024,027_archv.2024_096_16_3z.nc,2025-09-16 12:25,2.5G,026/027 overlap
2024,027_archv.2024_096_17_2d.nc,2025-09-19 15:17,74M,026/027 overlap
2024,027_archv.2024_096_17_3z.nc,2025-09-16 12:26,2.5G,026/027 overlap
2024,027_archv.2024_096_18_2d.nc,2025-09-19 15:17,74M,026/027 overlap
2024,027_archv.2024_096_18_3z.nc,2025-09-16 12:26,2.5G,026/027 overlap
2024,027_archv.2024_096_19_2d.nc,2025-09-19 15:17,74M,026/027 overlap
2024,027_archv.2024_096_19_3z.nc,2025-09-16 12:27,2.5G,026/027 overlap
2024,027_archv.2024_096_20_2d.nc,2025-09-19 15:17,74M,026/027 overlap
2024,027_archv.2024_096_20_3z.nc,2025-09-16 12:28,2.5G,026/027 overlap
2024,027_archv.2024_096_21_2d.nc,2025-09-19 15:17,74M,026/027 overlap
2024,027_archv.2024_096_21_3z.nc,2025-09-16 12:28,2.5G,026/027 overlap
2024,027_archv.2024_096_22_2d.nc,2025-09-19 15:17,74M,026/027 overlap
2024,027_archv.2024_096_22_3z.nc,2025-09-16 12:29,2.5G,026/027 overlap
2024,027_archv.2024_096_23_2d.nc,2025-09-19 15:17,74M,026/027 overlap
2024,027_archv.2024_096_23_3z.nc,2025-09-16 12:29,2.5G,026/027 overlap
2024,027_archv.2024_097_00_2d.nc,2025-09-19 15:17,74M,026/027 overlap
2024,027_archv.2024_097_00_3z.nc,2025-09-16 12:30,2.5G,026/027 overlap
2024,027_archv.2024_097_01_2d.nc,2025-09-19 15:17,74M,026/027 overlap
2024,027_archv.2024_097_01_3z.nc,2025-09-16 12:31,2.5G,026/027 overlap
2024,027_archv.2024_097_02_2d.nc,2025-09-19 15:17,74M,026/027 overlap
2024,027_archv.2024_097_02_3z.nc,2025-09-16 12:31,2.5G,026/027 overlap
2024,027_archv.2024_097_03_2d.nc,2025-09-19 15:17,74M,026/027 overlap
2024,027_archv.2024_097_03_3z.nc,2025-09-16 12:32,2.5G,026/027 overlap
2024,027_archv.2024_097_04_2d.nc,2025-09-19 15:17,74M,026/027 overlap
2024,027_archv.2024_097_04_3z.nc,2025-09-20 14:40,2.5G,026/027 overlap
2024,027_archv.2024_097_05_2d.nc,2025-09-19 15:17,74M,026/027 overlap
2024,027_archv.2024_097_05_3z.nc,2025-09-16 12:34,2.5G,026/027 overlap
2024,027_archv.2024_097_06_2d.nc,2025-09-19 15:17,74M,026/027 overlap
2024,027_archv.2024_097_06_3z.nc,2025-09-16 12:34,2.5G,026/027 overlap
2024,027_archv.2024_097_07_2d.nc,2025-09-19 15:17,74M,026/027 overlap
2024,027_archv.2024_097_07_3z.nc,2025-09-16 12:35,2.5G,026/027 overlap
2024,027_archv.2024_097_08_2d.nc,2025-09-19 15:17,74M,026/027 overlap
2024,027_archv.2024_097_08_3z.nc,2025-09-16 12:36,2.5G,026/027 overlap
2024,027_archv.2024_097_09_2d.nc,2025-09-19 15:17,74M,026/027 overlap
2024,027_archv.2024_097_09_3z.nc,2025-09-16 12:36,2.5G,026/027 overlap
2024,027_archv.2024_097_10_2d.nc,2025-09-19 15:17,74M,026/027 overlap
2024,027_archv.2024_097_10_3z.nc,2025-09-16 12:37,2.5G,026/027 overlap
2024,027_archv.2024_097_11_2d.nc,2025-09-19 15:17,74M,026/027 overlap
2024,027_archv.2024_097_11_3z.nc,2025-09-16 12:38,2.5G,026/027 overlap
2024,027_archv.2024_097_12_2d.nc,2025-09-19 15:17,74M,026/027 overlap
2024,027_archv.2024_097_12_3z.nc,2025-09-16 12:39,2.5G,026/027 overlap
2024,027_archv.2024_097_13_2d.nc,2025-09-19 15:17,74M,026/027 overlap
2024,027_archv.2024_097_13_3z.nc,2025-09-16 12:40,2.5G,026/027 overlap
2024,027_archv.2024_097_14_2d.nc,2025-09-19 15:17,74M,026/027 overlap
2024,027_archv.2024_097_14_3z.nc,2025-09-16 12:41,2.5G,026/027 overlap
2024,027_archv.2024_097_15_2d.nc,2025-09-19 15:18,74M,026/027 overlap
2024,027_archv.2024_097_15_3z.nc,2025-09-16 12:42,2.5G,026/027 overlap
2024,027_archv.2024_097_16_2d.nc,2025-09-19 15:18,74M,026/027 overlap
2024,027_archv.2024_097_16_3z.nc,2025-09-16 12:42,2.5G,026/027 overlap
2024,027_archv.2024_097_17_2d.nc,2025-09-19 15:18,74M,026/027 overlap
2024,027_archv.2024_097_17_3z.nc,2025-09-16 12:43,2.5G,026/027 overlap
2024,027_archv.2024_097_18_2d.nc,2025-09-19 15:18,74M,026/027 overlap
2024,027_archv.2024_097_18_3z.nc,2025-09-16 12:44,2.5G,026/027 overlap
2024,027_archv.2024_097_19_2d.nc,2025-09-19 15:18,74M,026/027 overlap
2024,027_archv.2024_097_19_3z.nc,2025-09-16 12:44,2.5G,026/027 overlap
2024,027_archv.2024_097_20_2d.nc,2025-09-19 15:18,74M,026/027 overlap
2024,027_archv.2024_097_20_3z.nc,2025-09-16 12:45,2.5G,026/027 overlap
2024,027_archv.2024_097_21_2d.nc,2025-09-19 15:18,74M,026/027 overlap
2024,027_archv.2024_097_21_3z.nc,2025-09-16 12:46,2.5G,026/027 overlap
2024,027_archv.2024_097_22_2d.nc,2025-09-19 15:18,74M,026/027 overlap
2024,027_archv.2024_097_22_3z.nc,2025-09-16 12:46,2.5G,026/027 overlap
2024,027_archv.2024_097_23_2d.nc,2025-09-19 15:18,74M,026/027 overlap
2024,027_archv.2024_097_23_3z.nc,2025-09-16 12:47,2.5G,026/027 overlap
2024,027_archv.2024_098_00_2d.nc,2025-09-19 15:18,74M,026/027 overlap
2024,027_archv.2024_098_00_3z.nc,2025-09-16 12:48,2.5G,026/027 overlap
2024,027_archv.2024_098_01_2d.nc,2025-09-19 15:18,74M,026/027 overlap
2024,027_archv.2024_098_01_3z.nc,2025-09-16 12:49,2.5G,026/027 overlap
2024,027_archv.2024_098_02_2d.nc,2025-09-19 15:18,74M,026/027 overlap
2024,027_archv.2024_098_02_3z.nc,2025-09-16 12:50,2.5G,026/027 overlap
2024,027_archv.2024_098_03_2d.nc,2025-09-19 15:18,74M,026/027 overlap
2024,027_archv.2024_098_03_3z.nc,2025-09-16 12:51,2.5G,026/027 overlap
2024,027_archv.2024_098_04_2d.nc,2025-09-19 15:18,74M,026/027 overlap
2024,027_archv.2024_098_04_3z.nc,2025-09-16 12:52,2.5G,026/027 overlap
2024,027_archv.2024_098_05_2d.nc,2025-09-19 15:18,74M,026/027 overlap
2024,027_archv.2024_098_05_3z.nc,2025-09-16 12:52,2.5G,026/027 overlap
2024,027_archv.2024_098_06_2d.nc,2025-09-19 15:18,74M,026/027 overlap
2024,027_archv.2024_098_06_3z.nc,2025-09-16 12:53,2.5G,026/027 overlap
2024,027_archv.2024_098_07_2d.nc,2025-09-19 15:18,74M,026/027 overlap
2024,027_archv.2024_098_07_3z.nc,2025-09-16 12:54,2.5G,026/027 overlap
2024,027_archv.2024_098_08_2d.nc,2025-09-19 15:18,74M,026/027 overlap
2024,027_archv.2024_098_08_3z.nc,2025-09-16 12:55,2.5G,026/027 overlap
2024,027_archv.2024_098_09_2d.nc,2025-09-19 15:18,74M,026/027 overlap
2024,027_archv.2024_098_09_3z.nc,2025-09-16 12:55,2.5G,026/027 overlap
2024,027_archv.2024_098_10_2d.nc,2025-09-19 15:18,74M,026/027 overlap
2024,027_archv.2024_098_10_3z.nc,2025-09-16 12:56,2.5G,026/027 overlap
2024,027_archv.2024_098_11_2d.nc,2025-09-19 15:18,74M,026/027 overlap
2024,027_archv.2024_098_11_3z.nc,2025-09-16 12:58,2.5G,026/027 overlap
2024,027_archv.2024_098_12_2d.nc,2025-09-19 15:18,74M,026/027 overlap
2024,027_archv.2024_098_12_3z.nc,2025-09-16 12:59,2.5G,026/027 overlap
2024,027_archv.2024_098_13_2d.nc,2025-09-19 15:18,74M,026/027 overlap
2024,027_archv.2024_098_13_3z.nc,2025-09-16 13:01,2.5G,026/027 overlap
2024,027_archv.2024_098_14_2d.nc,2025-09-19 15:18,74M,026/027 overlap
2024,027_archv.2024_098_14_3z.nc,2025-09-16 13:02,2.5G,026/027 overlap
2024,027_archv.2024_098_15_2d.nc,2025-09-19 15:18,74M,026/027 overlap
2024,027_archv.2024_098_15_3z.nc,2025-09-16 13:03,2.5G,026/027 overlap
2024,027_archv.2024_098_16_2d.nc,2025-09-19 15:18,74M,026/027 overlap
2024,027_archv.2024_098_16_3z.nc,2025-09-20 14:43,2.5G,026/027 overlap
2024,027_archv.2024_098_17_2d.nc,2025-09-19 15:18,74M,026/027 overlap
2024,027_archv.2024_098_17_3z.nc,2025-09-20 14:43,2.5G,026/027 overlap
2024,027_archv.2024_098_18_2d.nc,2025-09-19 15:18,74M,026/027 overlap
2024,027_archv.2024_098_18_3z.nc,2025-09-20 14:43,2.5G,026/027 overlap
2024,027_archv.2024_098_19_2d.nc,2025-09-19 15:18,74M,026/027 overlap
2024,027_archv.2024_098_19_3z.nc,2025-09-20 14:44,2.5G,026/027 overlap
2024,027_archv.2024_098_20_2d.nc,2025-09-19 15:18,74M,026/027 overlap
2024,027_archv.2024_098_20_3z.nc,2025-09-20 14:44,2.5G,026/027 overlap
2024,027_archv.2024_098_21_2d.nc,2025-09-19 15:18,74M,026/027 overlap
2024,027_archv.2024_098_21_3z.nc,2025-09-20 14:44,2.5G,026/027 overlap
2024,027_archv.2024_098_22_2d.nc,2025-09-19 15:18,74M,026/027 overlap
2024,027_archv.2024_098_22_3z.nc,2025-09-20 14:44,2.5G,026/027 overlap
2024,027_archv.2024_098_23_2d.nc,2025-09-19 15:18,74M,026/027 overlap
2024,027_archv.2024_098_23_3z.nc,2025-09-20 14:44,2.5G,026/027 overlap
2024,027_archv.2024_099_00_2d.nc,2025-09-19 15:18,74M,026/027 overlap
2024,027_archv.2024_099_00_3z.nc,2025-09-20 14:46,2.5G,026/027 overlap
2024,027_archv.2024_099_01_2d.nc,2025-09-19 15:18,74M,026/027 overlap
2024,027_archv.2024_099_01_3z.nc,2025-09-20 14:46,2.5G,026/027 overlap
2024,027_archv.2024_099_02_2d.nc,2025-09-19 15:18,74M,026/027 overlap
2024,027_archv.2024_099_02_3z.nc,2025-09-20 14:46,2.5G,026/027 overlap
2024,027_archv.2024_099_03_2d.nc,2025-09-19 15:18,74M,026/027 overlap
2024,027_archv.2024_099_03_3z.nc,2025-09-20 14:46,2.5G,026/027 overlap
2024,027_archv.2024_099_04_2d.nc,2025-09-19 15:18,74M,026/027 overlap
2024,027_archv.2024_099_04_3z.nc,2025-09-20 14:47,2.5G,026/027 overlap
2024,027_archv.2024_099_05_2d.nc,2025-09-19 15:18,74M,026/027 overlap
2024,027_archv.2024_099_05_3z.nc,2025-09-20 14:47,2.5G,026/027 overlap
2024,027_archv.2024_099_06_2d.nc,2025-09-19 15:18,74M,026/027 overlap
2024,027_archv.2024_099_06_3z.nc,2025-09-20 14:47,2.5G,026/027 overlap
2024,027_archv.2024_099_07_2d.nc,2025-09-19 15:18,74M,026/027 overlap
2024,027_archv.2024_099_07_3z.nc,2025-09-20 14:47,2.5G,026/027 overlap
2024,027_archv.2024_099_08_2d.nc,2025-09-19 15:18,74M,026/027 overlap
2024,027_archv.2024_099_08_3z.nc,2025-09-20 14:47,2.5G,026/027 overlap
2024,027_archv.2024_099_09_2d.nc,2025-09-19 15:18,74M,026/027 overlap
2024,027_archv.2024_099_09_3z.nc,2025-09-20 14:48,2.5G,026/027 overlap
2024,027_archv.2024_099_10_2d.nc,2025-09-19 15:18,74M,026/027 overlap
2024,027_archv.2024_099_10_3z.nc,2025-09-20 14:48,2.5G,026/027 overlap
2024,027_archv.2024_099_11_2d.nc,2025-09-19 15:18,74M,026/027 overlap
2024,027_archv.2024_099_11_3z.nc,2025-09-20 14:48,2.5G,026/027 overlap
2024,027_archv.2024_099_12_2d.nc,2025-09-19 15:18,74M,026/027 overlap
2024,027_archv.2024_099_12_3z.nc,2025-09-20 14:48,2.5G,026/027 overlap
2024,027_archv.2024_099_13_2d.nc,2025-09-19 15:18,74M,026/027 overlap
2024,027_archv.2024_099_13_3z.nc,2025-09-20 14:49,2.5G,026/027 overlap
2024,027_archv.2024_099_14_2d.nc,2025-09-19 15:18,74M,026/027 overlap
2024,027_archv.2024_099_14_3z.nc,2025-09-20 14:49,2.5G,026/027 overlap
2024,027_archv.2024_099_15_2d.nc,2025-09-19 15:18,74M,026/027 overlap
2024,027_archv.2024_099_15_3z.nc,2025-09-20 14:49,2.5G,026/027 overlap
2024,027_archv.2024_099_16_2d.nc,2025-09-19 15:18,74M,026/027 overlap
2024,027_archv.2024_099_16_3z.nc,2025-09-20 14:49,2.5G,026/027 overlap
2024,027_archv.2024_099_17_2d.nc,2025-09-19 15:18,74M,026/027 overlap
2024,027_archv.2024_099_17_3z.nc,2025-09-16 13:34,2.5G,026/027 overlap
2024,027_archv.2024_099_18_2d.nc,2025-09-19 15:18,74M,026/027 overlap
2024,027_archv.2024_099_18_3z.nc,2025-09-16 13:35,2.5G,026/027 overlap
2024,027_archv.2024_099_19_2d.nc,2025-09-19 15:18,74M,026/027 overlap
2024,027_archv.2024_099_19_3z.nc,2025-09-16 13:38,2.5G,026/027 overlap
2024,027_archv.2024_099_20_2d.nc,2025-09-19 15:18,74M,026/027 overlap
2024,027_archv.2024_099_20_3z.nc,2025-09-16 13:39,2.5G,026/027 overlap
2024,027_archv.2024_099_21_2d.nc,2025-09-19 15:18,74M,026/027 overlap
2024,027_archv.2024_099_21_3z.nc,2025-09-16 13:41,2.5G,026/027 overlap
2024,027_archv.2024_099_22_2d.nc,2025-09-19 15:18,74M,026/027 overlap
2024,027_archv.2024_099_22_3z.nc,2025-09-16 13:43,2.5G,026/027 overlap
2024,027_archv.2024_099_23_2d.nc,2025-09-19 15:18,74M,026/027 overlap
2024,027_archv.2024_099_23_3z.nc,2025-09-16 13:45,2.5G,026/027 overlap
2024,027_archv.2024_100_00_2d.nc,2025-09-19 15:18,74M,026/027 overlap
2024,027_archv.2024_100_00_3z.nc,2025-09-16 13:51,2.5G,026/027 overlap
2024,027_archv.2024_100_01_2d.nc,2025-09-19 15:18,74M,026/027 overlap
2024,027_archv.2024_100_01_3z.nc,2025-09-16 13:53,2.5G,026/027 overlap
2024,027_archv.2024_100_02_2d.nc,2025-09-19 15:18,74M,026/027 overlap
2024,027_archv.2024_100_02_3z.nc,2025-09-16 13:55,2.5G,026/027 overlap
2024,027_archv.2024_100_03_2d.nc,2025-09-19 15:18,74M,026/027 overlap
2024,027_archv.2024_100_03_3z.nc,2025-09-16 13:58,2.5G,026/027 overlap
2024,027_archv.2024_100_04_2d.nc,2025-09-19 15:18,74M,026/027 overlap
2024,027_archv.2024_100_04_3z.nc,2025-09-16 14:02,2.5G,026/027 overlap
2024,027_archv.2024_100_05_2d.nc,2025-09-19 15:18,74M,026/027 overlap
2024,027_archv.2024_100_05_3z.nc,2025-09-16 14:05,2.5G,026/027 overlap
2024,027_archv.2024_100_06_2d.nc,2025-09-19 15:18,74M,026/027 overlap
2024,027_archv.2024_100_06_3z.nc,2025-09-16 14:08,2.5G,026/027 overlap
2024,027_archv.2024_100_07_2d.nc,2025-09-19 15:18,74M,026/027 overlap
2024,027_archv.2024_100_07_3z.nc,2025-09-16 14:09,2.5G,026/027 overlap
2024,027_archv.2024_100_08_2d.nc,2025-09-19 15:18,74M,026/027 overlap
2024,027_archv.2024_100_08_3z.nc,2025-09-16 14:10,2.5G,026/027 overlap
2024,027_archv.2024_100_09_2d.nc,2025-09-19 15:18,74M,026/027 overlap
2024,027_archv.2024_100_09_3z.nc,2025-09-16 14:10,2.5G,026/027 overlap
2024,027_archv.2024_100_10_2d.nc,2025-09-19 15:18,74M,026/027 overlap
2024,027_archv.2024_100_10_3z.nc,2025-09-16 14:11,2.5G,026/027 overlap
2024,027_archv.2024_100_11_2d.nc,2025-09-19 15:18,74M,026/027 overlap
2024,027_archv.2024_100_11_3z.nc,2025-09-16 14:12,2.5G,026/027 overlap
2024,027_archv.2024_100_12_2d.nc,2025-09-19 15:18,74M,026/027 overlap
2024,027_archv.2024_100_12_3z.nc,2025-09-16 14:12,2.5G,026/027 overlap
2024,027_archv.2024_100_13_2d.nc,2025-09-19 15:18,74M,026/027 overlap
2024,027_archv.2024_100_13_3z.nc,2025-09-16 14:13,2.5G,026/027 overlap
2024,027_archv.2024_100_14_2d.nc,2025-09-19 15:18,74M,026/027 overlap
2024,027_archv.2024_100_14_3z.nc,2025-09-16 14:14,2.5G,026/027 overlap
2024,027_archv.2024_100_15_2d.nc,2025-09-19 15:18,74M,026/027 overlap
2024,027_archv.2024_100_15_3z.nc,2025-09-16 14:16,2.5G,026/027 overlap
2024,027_archv.2024_100_16_2d.nc,2025-09-19 15:18,74M,026/027 overlap
2024,027_archv.2024_100_16_3z.nc,2025-09-16 14:17,2.5G,026/027 overlap
2024,027_archv.2024_100_17_2d.nc,2025-09-19 15:18,74M,026/027 overlap
2024,027_archv.2024_100_17_3z.nc,2025-09-16 14:18,2.5G,026/027 overlap
2024,027_archv.2024_100_18_2d.nc,2025-09-19 15:18,74M,026/027 overlap
2024,027_archv.2024_100_18_3z.nc,2025-09-16 14:19,2.5G,026/027 overlap
2024,027_archv.2024_100_19_2d.nc,2025-09-19 15:18,74M,026/027 overlap
2024,027_archv.2024_100_19_3z.nc,2025-09-16 14:20,2.5G,026/027 overlap
2024,027_archv.2024_100_20_2d.nc,2025-09-19 15:19,74M,026/027 overlap
2024,027_archv.2024_100_20_3z.nc,2025-09-16 14:22,2.5G,026/027 overlap
2024,027_archv.2024_100_21_2d.nc,2025-09-19 15:19,74M,026/027 overlap
2024,027_archv.2024_100_21_3z.nc,2025-09-16 14:23,2.5G,026/027 overlap
2024,027_archv.2024_100_22_2d.nc,2025-09-19 15:19,74M,026/027 overlap
2024,027_archv.2024_100_22_3z.nc,2025-09-16 14:24,2.5G,026/027 overlap
2024,027_archv.2024_100_23_2d.nc,2025-09-19 15:19,74M,026/027 overlap
2024,027_archv.2024_100_23_3z.nc,2025-09-16 14:25,2.5G,026/027 overlap
2024,027_archv.2024_101_00_2d.nc,2025-09-19 15:19,74M,026/027 overlap
2024,027_archv.2024_101_00_3z.nc,2025-09-16 14:26,2.5G,026/027 overlap
2024,027_archv.2024_101_01_2d.nc,2025-09-19 15:19,74M,026/027 overlap
2024,027_archv.2024_101_01_3z.nc,2025-09-16 14:27,2.5G,026/027 overlap
2024,027_archv.2024_101_02_2d.nc,2025-09-19 15:19,74M,026/027 overlap
2024,027_archv.2024_101_02_3z.nc,2025-09-16 14:28,2.5G,026/027 overlap
2024,027_archv.2024_101_03_2d.nc,2025-09-19 15:19,74M,026/027 overlap
2024,027_archv.2024_101_03_3z.nc,2025-09-16 14:29,2.5G,026/027 overlap
2024,027_archv.2024_101_04_2d.nc,2025-09-19 15:19,74M,026/027 overlap
2024,027_archv.2024_101_04_3z.nc,2025-09-16 14:30,2.5G,026/027 overlap
2024,027_archv.2024_101_05_2d.nc,2025-09-19 15:19,74M,026/027 overlap
2024,027_archv.2024_101_05_3z.nc,2025-09-16 14:31,2.5G,026/027 overlap
2024,027_archv.2024_101_06_2d.nc,2025-09-19 15:19,74M,026/027 overlap
2024,027_archv.2024_101_06_3z.nc,2025-09-16 14:32,2.5G,026/027 overlap
2024,027_archv.2024_101_07_2d.nc,2025-09-19 15:19,74M,026/027 overlap
2024,027_archv.2024_101_07_3z.nc,2025-09-16 14:32,2.5G,026/027 overlap
2024,027_archv.2024_101_08_2d.nc,2025-09-19 15:19,74M,026/027 overlap
2024,027_archv.2024_101_08_3z.nc,2025-09-16 14:33,2.5G,026/027 overlap
2024,027_archv.2024_101_09_2d.nc,2025-09-19 15:19,74M,026/027 overlap
2024,027_archv.2024_101_09_3z.nc,2025-09-16 14:34,2.5G,026/027 overlap
2024,027_archv.2024_101_10_2d.nc,2025-09-19 15:19,74M,026/027 overlap
2024,027_archv.2024_101_10_3z.nc,2025-09-16 14:34,2.5G,026/027 overlap
2024,027_archv.2024_101_11_2d.nc,2025-09-19 15:19,74M,026/027 overlap
2024,027_archv.2024_101_11_3z.nc,2025-09-16 14:35,2.5G,026/027 overlap
2024,027_archv.2024_101_12_2d.nc,2025-09-19 15:19,74M,026/027 overlap
2024,027_archv.2024_101_12_3z.nc,2025-09-16 14:35,2.5G,026/027 overlap
2024,027_archv.2024_101_13_2d.nc,2025-09-19 15:19,74M,026/027 overlap
2024,027_archv.2024_101_13_3z.nc,2025-09-16 14:36,2.5G,026/027 overlap
2024,027_archv.2024_101_14_2d.nc,2025-09-19 15:19,74M,026/027 overlap
2024,027_archv.2024_101_14_3z.nc,2025-09-16 14:38,2.5G,026/027 overlap
2024,027_archv.2024_101_15_2d.nc,2025-09-19 15:19,74M,026/027 overlap
2024,027_archv.2024_101_15_3z.nc,2025-09-16 14:39,2.5G,026/027 overlap
2024,027_archv.2024_101_16_2d.nc,2025-09-19 15:19,74M,026/027 overlap
2024,027_archv.2024_101_16_3z.nc,2025-09-16 14:39,2.5G,026/027 overlap
2024,027_archv.2024_101_17_2d.nc,2025-09-19 15:19,74M,026/027 overlap
2024,027_archv.2024_101_17_3z.nc,2025-09-16 14:40,2.5G,026/027 overlap
2024,027_archv.2024_101_18_2d.nc,2025-09-19 15:19,74M,026/027 overlap
2024,027_archv.2024_101_18_3z.nc,2025-09-16 14:41,2.5G,026/027 overlap
2024,027_archv.2024_101_19_2d.nc,2025-09-19 15:19,74M,026/027 overlap
2024,027_archv.2024_101_19_3z.nc,2025-09-16 14:41,2.5G,026/027 overlap
2024,027_archv.2024_101_20_2d.nc,2025-09-19 15:19,74M,026/027 overlap
2024,027_archv.2024_101_20_3z.nc,2025-09-20 14:50,2.5G,026/027 overlap
2024,027_archv.2024_101_21_2d.nc,2025-09-19 15:19,74M,026/027 overlap
2024,027_archv.2024_101_21_3z.nc,2025-09-20 14:50,2.5G,026/027 overlap
2024,027_archv.2024_101_22_2d.nc,2025-09-19 15:19,74M,026/027 overlap
2024,027_archv.2024_101_22_3z.nc,2025-09-16 14:45,2.5G,026/027 overlap
2024,027_archv.2024_101_23_2d.nc,2025-09-19 15:19,74M,026/027 overlap
2024,027_archv.2024_101_23_3z.nc,2025-09-16 14:46,2.5G,026/027 overlap
2024,027_archv.2024_102_00_2d.nc,2025-09-19 15:19,74M,026/027 overlap
2024,027_archv.2024_102_00_3z.nc,2025-09-16 14:47,2.5G,026/027 overlap
2024,027_archv.2024_102_01_2d.nc,2025-09-19 15:19,74M,026/027 overlap
2024,027_archv.2024_102_01_3z.nc,2025-09-16 14:48,2.5G,026/027 overlap
2024,027_archv.2024_102_02_2d.nc,2025-09-19 15:19,74M,026/027 overlap
2024,027_archv.2024_102_02_3z.nc,2025-09-16 14:50,2.5G,026/027 overlap
2024,027_archv.2024_102_03_2d.nc,2025-09-19 15:19,74M,026/027 overlap
2024,027_archv.2024_102_03_3z.nc,2025-09-16 14:51,2.5G,026/027 overlap
2024,027_archv.2024_102_04_2d.nc,2025-09-19 15:19,74M,026/027 overlap
2024,027_archv.2024_102_04_3z.nc,2025-09-20 14:50,2.5G,026/027 overlap
2024,027_archv.2024_102_05_2d.nc,2025-09-19 15:19,74M,026/027 overlap
2024,027_archv.2024_102_05_3z.nc,2025-09-16 14:53,2.5G,026/027 overlap
2024,027_archv.2024_102_06_2d.nc,2025-09-19 15:19,74M,026/027 overlap
2024,027_archv.2024_102_06_3z.nc,2025-09-16 14:54,2.5G,026/027 overlap
2024,027_archv.2024_102_07_2d.nc,2025-09-19 15:19,74M,026/027 overlap
2024,027_archv.2024_102_07_3z.nc,2025-09-16 14:55,2.5G,026/027 overlap
2024,027_archv.2024_102_08_2d.nc,2025-09-19 15:19,74M,026/027 overlap
2024,027_archv.2024_102_08_3z.nc,2025-09-16 14:56,2.5G,026/027 overlap
2024,027_archv.2024_102_09_2d.nc,2025-09-19 15:19,74M,026/027 overlap
2024,027_archv.2024_102_09_3z.nc,2025-09-16 14:58,2.5G,026/027 overlap
2024,027_archv.2024_102_10_2d.nc,2025-09-19 15:19,74M,026/027 overlap
2024,027_archv.2024_102_10_3z.nc,2025-09-16 14:58,2.5G,026/027 overlap
2024,027_archv.2024_102_11_2d.nc,2025-09-19 15:19,74M,026/027 overlap
2024,027_archv.2024_102_11_3z.nc,2025-09-16 15:00,2.5G,026/027 overlap
2024,027_archv.2024_102_12_2d.nc,2025-09-19 15:19,74M,026/027 overlap
2024,027_archv.2024_102_12_3z.nc,2025-09-16 15:01,2.5G,026/027 overlap
2024,027_archv.2024_102_13_2d.nc,2025-09-19 15:19,74M,026/027 overlap
2024,027_archv.2024_102_13_3z.nc,2025-09-16 15:02,2.5G,026/027 overlap
2024,027_archv.2024_102_14_2d.nc,2025-09-19 15:19,74M,026/027 overlap
2024,027_archv.2024_102_14_3z.nc,2025-09-16 15:02,2.5G,026/027 overlap
2024,027_archv.2024_102_15_2d.nc,2025-09-19 15:19,74M,026/027 overlap
2024,027_archv.2024_102_15_3z.nc,2025-09-16 15:03,2.5G,026/027 overlap
2024,027_archv.2024_102_16_2d.nc,2025-09-19 15:19,74M,026/027 overlap
2024,027_archv.2024_102_16_3z.nc,2025-09-16 15:04,2.5G,026/027 overlap
2024,027_archv.2024_102_17_2d.nc,2025-09-19 15:19,74M,026/027 overlap
2024,027_archv.2024_102_17_3z.nc,2025-09-16 15:05,2.5G,026/027 overlap
2024,027_archv.2024_102_18_2d.nc,2025-09-19 15:19,74M,026/027 overlap
2024,027_archv.2024_102_18_3z.nc,2025-09-16 15:06,2.5G,026/027 overlap
2024,027_archv.2024_102_19_2d.nc,2025-09-19 15:19,74M,026/027 overlap
2024,027_archv.2024_102_19_3z.nc,2025-09-16 15:07,2.5G,026/027 overlap
2024,027_archv.2024_102_20_2d.nc,2025-09-19 15:19,74M,026/027 overlap
2024,027_archv.2024_102_20_3z.nc,2025-09-16 15:08,2.5G,026/027 overlap
2024,027_archv.2024_102_21_2d.nc,2025-09-19 15:19,74M,026/027 overlap
2024,027_archv.2024_102_21_3z.nc,2025-09-16 15:09,2.5G,026/027 overlap
2024,027_archv.2024_102_22_2d.nc,2025-09-19 15:19,74M,026/027 overlap
2024,027_archv.2024_102_22_3z.nc,2025-09-16 15:10,2.5G,026/027 overlap
2024,027_archv.2024_102_23_2d.nc,2025-09-19 15:19,74M,026/027 overlap
2024,027_archv.2024_102_23_3z.nc,2025-09-16 15:10,2.5G,026/027 overlap
2024,027_archv.2024_103_00_2d.nc,2025-09-19 15:19,74M,026/027 overlap
2024,027_archv.2024_103_00_3z.nc,2025-09-16 15:11,2.5G,026/027 overlap
2024,027_archv.2024_103_01_2d.nc,2025-09-19 15:19,74M,026/027 overlap
2024,027_archv.2024_103_01_3z.nc,2025-09-16 15:12,2.5G,026/027 overlap
2024,027_archv.2024_103_02_2d.nc,2025-09-19 15:19,74M,026/027 overlap
2024,027_archv.2024_103_02_3z.nc,2025-09-16 15:13,2.5G,026/027 overlap
2024,027_archv.2024_103_03_2d.nc,2025-09-19 15:19,74M,026/027 overlap
2024,027_archv.2024_103_03_3z.nc,2025-09-16 15:14,2.5G,026/027 overlap
2024,027_archv.2024_103_04_2d.nc,2025-09-19 15:19,74M,026/027 overlap
2024,027_archv.2024_103_04_3z.nc,2025-09-16 15:15,2.5G,026/027 overlap
2024,027_archv.2024_103_05_2d.nc,2025-09-19 15:19,74M,026/027 overlap
2024,027_archv.2024_103_05_3z.nc,2025-09-16 15:17,2.5G,026/027 overlap
2024,027_archv.2024_103_06_2d.nc,2025-09-19 15:19,74M,026/027 overlap
2024,027_archv.2024_103_06_3z.nc,2025-09-16 15:18,2.5G,026/027 overlap
2024,027_archv.2024_103_07_2d.nc,2025-09-19 15:19,74M,026/027 overlap
2024,027_archv.2024_103_07_3z.nc,2025-09-16 15:19,2.5G,026/027 overlap
2024,027_archv.2024_103_08_2d.nc,2025-09-19 15:19,74M,026/027 overlap
2024,027_archv.2024_103_08_3z.nc,2025-09-16 15:20,2.5G,026/027 overlap
2024,027_archv.2024_103_09_2d.nc,2025-09-19 15:19,74M,026/027 overlap
2024,027_archv.2024_103_09_3z.nc,2025-09-16 15:21,2.5G,026/027 overlap
2024,027_archv.2024_103_10_2d.nc,2025-09-19 15:19,74M,026/027 overlap
2024,027_archv.2024_103_10_3z.nc,2025-09-16 15:22,2.5G,026/027 overlap
2024,027_archv.2024_103_11_2d.nc,2025-09-19 15:19,74M,026/027 overlap
2024,027_archv.2024_103_11_3z.nc,2025-09-16 15:24,2.5G,026/027 overlap
2024,027_archv.2024_103_12_2d.nc,2025-09-19 15:19,74M,026/027 overlap
2024,027_archv.2024_103_12_3z.nc,2025-09-16 15:26,2.5G,026/027 overlap
2024,027_archv.2024_103_13_2d.nc,2025-09-19 15:19,74M,026/027 overlap
2024,027_archv.2024_103_13_3z.nc,2025-09-16 15:28,2.5G,026/027 overlap
2024,027_archv.2024_103_14_2d.nc,2025-09-19 15:19,74M,026/027 overlap
2024,027_archv.2024_103_14_3z.nc,2025-09-16 15:28,2.5G,026/027 overlap
2024,027_archv.2024_103_15_2d.nc,2025-09-19 15:19,74M,026/027 overlap
2024,027_archv.2024_103_15_3z.nc,2025-09-16 15:30,2.5G,026/027 overlap
2024,027_archv.2024_103_16_2d.nc,2025-09-19 15:19,74M,026/027 overlap
2024,027_archv.2024_103_16_3z.nc,2025-09-16 15:31,2.5G,026/027 overlap
2024,027_archv.2024_103_17_2d.nc,2025-09-19 15:19,74M,026/027 overlap
2024,027_archv.2024_103_17_3z.nc,2025-09-16 15:32,2.5G,026/027 overlap
2024,027_archv.2024_103_18_2d.nc,2025-09-19 15:19,74M,026/027 overlap
2024,027_archv.2024_103_18_3z.nc,2025-09-16 15:33,2.5G,026/027 overlap
2024,027_archv.2024_103_19_2d.nc,2025-09-19 15:19,74M,026/027 overlap
2024,027_archv.2024_103_19_3z.nc,2025-09-16 15:34,2.5G,026/027 overlap
2024,027_archv.2024_103_20_2d.nc,2025-09-19 15:19,74M,026/027 overlap
2024,027_archv.2024_103_20_3z.nc,2025-09-16 15:35,2.5G,026/027 overlap
2024,027_archv.2024_103_21_2d.nc,2025-09-19 15:19,74M,026/027 overlap
2024,027_archv.2024_103_21_3z.nc,2025-09-16 15:37,2.5G,026/027 overlap
2024,027_archv.2024_103_22_2d.nc,2025-09-19 15:19,74M,026/027 overlap
2024,027_archv.2024_103_22_3z.nc,2025-09-16 15:38,2.5G,026/027 overlap
2024,027_archv.2024_103_23_2d.nc,2025-09-19 15:19,74M,026/027 overlap
2024,027_archv.2024_103_23_3z.nc,2025-09-16 15:40,2.5G,026/027 overlap
2024,027_archv.2024_104_00_2d.nc,2025-09-19 15:19,74M,026/027 overlap
2024,027_archv.2024_104_00_3z.nc,2025-09-16 15:41,2.5G,026/027 overlap
2024,027_archv.2024_104_01_2d.nc,2025-09-19 15:19,74M,026/027 overlap
2024,027_archv.2024_104_01_3z.nc,2025-09-16 15:43,2.5G,026/027 overlap
2024,027_archv.2024_104_02_2d.nc,2025-09-19 15:19,74M,026/027 overlap
2024,027_archv.2024_104_02_3z.nc,2025-09-16 15:44,2.5G,026/027 overlap
2024,027_archv.2024_104_03_2d.nc,2025-09-19 15:20,74M,026/027 overlap
2024,027_archv.2024_104_03_3z.nc,2025-09-16 15:45,2.5G,026/027 overlap
2024,027_archv.2024_104_04_2d.nc,2025-09-19 15:20,74M,026/027 overlap
2024,027_archv.2024_104_04_3z.nc,2025-09-16 15:47,2.5G,026/027 overlap
2024,027_archv.2024_104_05_2d.nc,2025-09-19 15:20,74M,026/027 overlap
2024,027_archv.2024_104_05_3z.nc,2025-09-16 15:48,2.5G,026/027 overlap
2024,027_archv.2024_104_06_2d.nc,2025-09-19 15:20,74M,026/027 overlap
2024,027_archv.2024_104_06_3z.nc,2025-09-16 15:49,2.5G,026/027 overlap
2024,027_archv.2024_104_07_2d.nc,2025-09-19 15:20,74M,026/027 overlap
2024,027_archv.2024_104_07_3z.nc,2025-09-16 15:51,2.5G,026/027 overlap
2024,027_archv.2024_104_08_2d.nc,2025-09-19 15:20,74M,026/027 overlap
2024,027_archv.2024_104_08_3z.nc,2025-09-16 15:52,2.5G,026/027 overlap
2024,027_archv.2024_104_09_2d.nc,2025-09-19 15:20,74M,026/027 overlap
2024,027_archv.2024_104_09_3z.nc,2025-09-16 15:54,2.5G,026/027 overlap
2024,027_archv.2024_104_10_2d.nc,2025-09-19 15:20,74M,026/027 overlap
2024,027_archv.2024_104_10_3z.nc,2025-09-16 15:55,2.5G,026/027 overlap
2024,027_archv.2024_104_11_2d.nc,2025-09-19 15:20,74M,026/027 overlap
2024,027_archv.2024_104_11_3z.nc,2025-09-16 15:56,2.5G,026/027 overlap
2024,027_archv.2024_104_12_2d.nc,2025-09-19 15:20,74M,026/027 overlap
2024,027_archv.2024_104_12_3z.nc,2025-09-16 15:57,2.5G,026/027 overlap
2024,027_archv.2024_104_13_2d.nc,2025-09-19 15:20,74M,026/027 overlap
2024,027_archv.2024_104_13_3z.nc,2025-09-16 16:00,2.5G,026/027 overlap
2024,027_archv.2024_104_14_2d.nc,2025-09-19 15:20,74M,026/027 overlap
2024,027_archv.2024_104_14_3z.nc,2025-09-16 16:04,2.5G,026/027 overlap
2024,027_archv.2024_104_15_2d.nc,2025-09-19 15:20,74M,026/027 overlap
2024,027_archv.2024_104_15_3z.nc,2025-09-16 16:06,2.5G,026/027 overlap
2024,027_archv.2024_104_16_2d.nc,2025-09-19 15:20,74M,026/027 overlap
2024,027_archv.2024_104_16_3z.nc,2025-09-16 16:07,2.5G,026/027 overlap
2024,027_archv.2024_104_17_2d.nc,2025-09-19 15:20,74M,026/027 overlap
2024,027_archv.2024_104_17_3z.nc,2025-09-16 16:09,2.5G,026/027 overlap
2024,027_archv.2024_104_18_2d.nc,2025-09-19 15:20,74M,026/027 overlap
2024,027_archv.2024_104_18_3z.nc,2025-09-16 16:11,2.5G,026/027 overlap
2024,027_archv.2024_104_19_2d.nc,2025-09-19 15:20,74M,026/027 overlap
2024,027_archv.2024_104_19_3z.nc,2025-09-16 16:13,2.5G,026/027 overlap
2024,027_archv.2024_104_20_2d.nc,2025-09-19 15:20,74M,026/027 overlap
2024,027_archv.2024_104_20_3z.nc,2025-09-16 16:15,2.5G,026/027 overlap
2024,027_archv.2024_104_21_2d.nc,2025-09-19 15:20,74M,026/027 overlap
2024,027_archv.2024_104_21_3z.nc,2025-09-16 16:16,2.5G,026/027 overlap
2024,027_archv.2024_104_22_2d.nc,2025-09-19 15:20,74M,026/027 overlap
2024,027_archv.2024_104_22_3z.nc,2025-09-16 16:19,2.5G,026/027 overlap
2024,027_archv.2024_104_23_2d.nc,2025-09-19 15:20,74M,026/027 overlap
2024,027_archv.2024_104_23_3z.nc,2025-09-20 14:51,2.5G,026/027 overlap
2024,027_archv.2024_105_00_2d.nc,2025-09-19 15:20,74M,026/027 overlap
2024,027_archv.2024_105_00_3z.nc,2025-09-16 16:25,2.5G,026/027 overlap
2024,027_archv.2024_105_01_2d.nc,2025-09-19 15:20,74M,026/027 overlap
2024,027_archv.2024_105_01_3z.nc,2025-09-16 16:26,2.5G,026/027 overlap
2024,027_archv.2024_105_02_2d.nc,2025-09-19 15:20,74M,026/027 overlap
2024,027_archv.2024_105_02_3z.nc,2025-09-16 16:28,2.5G,026/027 overlap
2024,027_archv.2024_105_03_2d.nc,2025-09-19 15:20,74M,026/027 overlap
2024,027_archv.2024_105_03_3z.nc,2025-09-16 16:30,2.5G,026/027 overlap
2024,027_archv.2024_105_04_2d.nc,2025-09-19 15:20,74M,026/027 overlap
2024,027_archv.2024_105_04_3z.nc,2025-09-16 16:35,2.5G,026/027 overlap
2024,027_archv.2024_105_05_2d.nc,2025-09-19 15:20,74M,026/027 overlap
2024,027_archv.2024_105_05_3z.nc,2025-09-16 16:36,2.5G,026/027 overlap
2024,027_archv.2024_105_06_2d.nc,2025-09-19 15:20,74M,026/027 overlap
2024,027_archv.2024_105_06_3z.nc,2025-09-16 16:38,2.5G,026/027 overlap
2024,027_archv.2024_105_07_2d.nc,2025-09-19 15:20,74M,026/027 overlap
2024,027_archv.2024_105_07_3z.nc,2025-09-16 16:40,2.5G,026/027 overlap
2024,027_archv.2024_105_08_2d.nc,2025-09-19 15:20,74M,026/027 overlap
2024,027_archv.2024_105_08_3z.nc,2025-09-16 16:43,2.5G,026/027 overlap
2024,027_archv.2024_105_09_2d.nc,2025-09-19 15:20,74M,026/027 overlap
2024,027_archv.2024_105_09_3z.nc,2025-09-16 16:44,2.5G,026/027 overlap
2024,027_archv.2024_105_10_2d.nc,2025-09-19 15:20,74M,026/027 overlap
2024,027_archv.2024_105_10_3z.nc,2025-09-16 16:45,2.5G,026/027 overlap
2024,027_archv.2024_105_11_2d.nc,2025-09-19 15:20,74M,026/027 overlap
2024,027_archv.2024_105_11_3z.nc,2025-09-16 16:46,2.5G,026/027 overlap
2024,027_archv.2024_105_12_2d.nc,2025-09-19 15:20,74M,026/027 overlap
2024,027_archv.2024_105_12_3z.nc,2025-09-16 16:47,2.5G,026/027 overlap
2024,027_archv.2024_105_13_2d.nc,2025-09-19 15:20,74M,026/027 overlap
2024,027_archv.2024_105_13_3z.nc,2025-09-16 16:48,2.5G,026/027 overlap
2024,027_archv.2024_105_14_2d.nc,2025-09-19 15:20,74M,026/027 overlap
2024,027_archv.2024_105_14_3z.nc,2025-09-16 16:49,2.5G,026/027 overlap
2024,027_archv.2024_105_15_2d.nc,2025-09-19 15:20,74M,026/027 overlap
2024,027_archv.2024_105_15_3z.nc,2025-09-16 16:50,2.5G,026/027 overlap
2024,027_archv.2024_105_16_2d.nc,2025-09-19 15:20,74M,026/027 overlap
2024,027_archv.2024_105_16_3z.nc,2025-09-16 16:50,2.5G,026/027 overlap
2024,027_archv.2024_105_17_2d.nc,2025-09-19 15:20,74M,026/027 overlap
2024,027_archv.2024_105_17_3z.nc,2025-09-16 16:51,2.5G,026/027 overlap
2024,027_archv.2024_105_18_2d.nc,2025-09-19 15:20,74M,026/027 overlap
2024,027_archv.2024_105_18_3z.nc,2025-09-16 16:52,2.5G,026/027 overlap
2024,027_archv.2024_105_19_2d.nc,2025-09-19 15:20,74M,026/027 overlap
2024,027_archv.2024_105_19_3z.nc,2025-09-16 16:53,2.5G,026/027 overlap
2024,027_archv.2024_105_20_2d.nc,2025-09-19 15:20,74M,026/027 overlap
2024,027_archv.2024_105_20_3z.nc,2025-09-16 16:53,2.5G,026/027 overlap
2024,027_archv.2024_105_21_2d.nc,2025-09-19 15:20,74M,026/027 overlap
2024,027_archv.2024_105_21_3z.nc,2025-09-16 16:54,2.5G,026/027 overlap
2024,027_archv.2024_105_22_2d.nc,2025-09-19 15:20,74M,026/027 overlap
2024,027_archv.2024_105_22_3z.nc,2025-09-16 16:55,2.5G,026/027 overlap
2024,027_archv.2024_105_23_2d.nc,2025-09-19 15:20,74M,026/027 overlap
2024,027_archv.2024_105_23_3z.nc,2025-09-16 16:55,2.5G,026/027 overlap
2024,027_archv.2024_106_00_2d.nc,2025-09-19 15:20,74M,026/027 overlap
2024,027_archv.2024_106_00_3z.nc,2025-09-16 16:56,2.5G,026/027 overlap
2024,027_archv.2024_106_01_2d.nc,2025-09-19 15:20,74M,026/027 overlap
2024,027_archv.2024_106_01_3z.nc,2025-09-16 16:57,2.5G,026/027 overlap
2024,027_archv.2024_106_02_2d.nc,2025-09-19 15:20,74M,026/027 overlap
2024,027_archv.2024_106_02_3z.nc,2025-09-16 16:57,2.5G,026/027 overlap
2024,027_archv.2024_106_03_2d.nc,2025-09-19 15:20,74M,026/027 overlap
2024,027_archv.2024_106_03_3z.nc,2025-09-16 16:58,2.5G,026/027 overlap
2024,027_archv.2024_106_04_2d.nc,2025-09-19 15:20,74M,026/027 overlap
2024,027_archv.2024_106_04_3z.nc,2025-09-16 16:59,2.5G,026/027 overlap
2024,027_archv.2024_106_05_2d.nc,2025-09-19 15:20,74M,026/027 overlap
2024,027_archv.2024_106_05_3z.nc,2025-09-16 17:00,2.5G,026/027 overlap
2024,027_archv.2024_106_06_2d.nc,2025-09-19 15:20,74M,026/027 overlap
2024,027_archv.2024_106_06_3z.nc,2025-09-16 17:01,2.5G,026/027 overlap
2024,027_archv.2024_106_07_2d.nc,2025-09-19 15:20,74M,026/027 overlap
2024,027_archv.2024_106_07_3z.nc,2025-09-16 17:02,2.5G,026/027 overlap
2024,027_archv.2024_106_08_2d.nc,2025-09-19 15:20,74M,026/027 overlap
2024,027_archv.2024_106_08_3z.nc,2025-09-16 17:02,2.5G,026/027 overlap
2024,027_archv.2024_106_09_2d.nc,2025-09-19 15:20,74M,026/027 overlap
2024,027_archv.2024_106_09_3z.nc,2025-09-16 17:03,2.5G,026/027 overlap
2024,027_archv.2024_106_10_2d.nc,2025-09-19 15:20,74M,026/027 overlap
2024,027_archv.2024_106_10_3z.nc,2025-09-16 17:04,2.5G,026/027 overlap
2024,027_archv.2024_106_11_2d.nc,2025-09-19 15:20,74M,026/027 overlap
2024,027_archv.2024_106_11_3z.nc,2025-09-16 17:05,2.5G,026/027 overlap
2024,027_archv.2024_106_12_2d.nc,2025-09-19 15:20,74M,026/027 overlap
2024,027_archv.2024_106_12_3z.nc,2025-09-16 17:06,2.5G,026/027 overlap
2024,027_archv.2024_106_13_2d.nc,2025-09-19 15:20,74M,026/027 overlap
2024,027_archv.2024_106_13_3z.nc,2025-09-16 17:07,2.5G,026/027 overlap
2024,027_archv.2024_106_14_2d.nc,2025-09-19 15:20,74M,026/027 overlap
2024,027_archv.2024_106_14_3z.nc,2025-09-16 17:08,2.5G,026/027 overlap
2024,027_archv.2024_106_15_2d.nc,2025-09-19 15:20,74M,026/027 overlap
2024,027_archv.2024_106_15_3z.nc,2025-09-16 17:09,2.5G,026/027 overlap
2024,027_archv.2024_106_16_2d.nc,2025-09-19 15:20,74M,026/027 overlap
2024,027_archv.2024_106_16_3z.nc,2025-09-16 17:09,2.5G,026/027 overlap
2024,027_archv.2024_106_17_2d.nc,2025-09-19 15:20,74M,026/027 overlap
2024,027_archv.2024_106_17_3z.nc,2025-09-16 17:10,2.5G,026/027 overlap
2024,027_archv.2024_106_18_2d.nc,2025-09-19 15:20,74M,026/027 overlap
2024,027_archv.2024_106_18_3z.nc,2025-09-16 17:11,2.5G,026/027 overlap
2024,027_archv.2024_106_19_2d.nc,2025-09-19 15:20,74M,026/027 overlap
2024,027_archv.2024_106_19_3z.nc,2025-09-16 17:12,2.5G,026/027 overlap
2024,027_archv.2024_106_20_2d.nc,2025-09-19 15:21,74M,026/027 overlap
2024,027_archv.2024_106_20_3z.nc,2025-09-16 17:13,2.5G,026/027 overlap
2024,027_archv.2024_106_21_2d.nc,2025-09-19 15:21,74M,026/027 overlap
2024,027_archv.2024_106_21_3z.nc,2025-09-16 17:13,2.5G,026/027 overlap
2024,027_archv.2024_106_22_2d.nc,2025-09-19 15:21,74M,026/027 overlap
2024,027_archv.2024_106_22_3z.nc,2025-09-16 17:14,2.5G,026/027 overlap
2024,027_archv.2024_106_23_2d.nc,2025-09-19 15:21,74M,026/027 overlap
2024,027_archv.2024_106_23_3z.nc,2025-09-16 17:15,2.5G,026/027 overlap
2024,027_archv.2024_107_00_2d.nc,2025-09-19 15:21,74M,026/027 overlap
2024,027_archv.2024_107_00_3z.nc,2025-09-16 17:16,2.5G,026/027 overlap
2024,027_archv.2024_107_01_2d.nc,2025-09-19 15:21,74M,026/027 overlap
2024,027_archv.2024_107_01_3z.nc,2025-09-16 17:17,2.5G,026/027 overlap
2024,027_archv.2024_107_02_2d.nc,2025-09-19 15:21,74M,026/027 overlap
2024,027_archv.2024_107_02_3z.nc,2025-09-16 17:18,2.5G,026/027 overlap
2024,027_archv.2024_107_03_2d.nc,2025-09-19 15:21,74M,026/027 overlap
2024,027_archv.2024_107_03_3z.nc,2025-09-16 17:18,2.5G,026/027 overlap
2024,027_archv.2024_107_04_2d.nc,2025-09-19 15:21,74M,026/027 overlap
2024,027_archv.2024_107_04_3z.nc,2025-09-16 17:19,2.5G,026/027 overlap
2024,027_archv.2024_107_05_2d.nc,2025-09-19 15:21,74M,026/027 overlap
2024,027_archv.2024_107_05_3z.nc,2025-09-16 17:20,2.5G,026/027 overlap
2024,027_archv.2024_107_06_2d.nc,2025-09-19 15:21,74M,026/027 overlap
2024,027_archv.2024_107_06_3z.nc,2025-09-16 17:20,2.5G,026/027 overlap
2024,027_archv.2024_107_07_2d.nc,2025-09-19 15:21,74M,026/027 overlap
2024,027_archv.2024_107_07_3z.nc,2025-09-16 17:21,2.5G,026/027 overlap
2024,027_archv.2024_107_08_2d.nc,2025-09-19 15:21,74M,026/027 overlap
2024,027_archv.2024_107_08_3z.nc,2025-09-16 17:21,2.5G,026/027 overlap
2024,027_archv.2024_107_09_2d.nc,2025-09-19 15:21,74M,026/027 overlap
2024,027_archv.2024_107_09_3z.nc,2025-09-16 17:22,2.5G,026/027 overlap
2024,027_archv.2024_107_10_2d.nc,2025-09-19 15:21,74M,026/027 overlap
2024,027_archv.2024_107_10_3z.nc,2025-09-16 17:23,2.5G,026/027 overlap
2024,027_archv.2024_107_11_2d.nc,2025-09-19 15:21,74M,026/027 overlap
2024,027_archv.2024_107_11_3z.nc,2025-09-16 17:23,2.5G,026/027 overlap
2024,027_archv.2024_107_12_2d.nc,2025-09-19 15:21,74M,026/027 overlap
2024,027_archv.2024_107_12_3z.nc,2025-09-16 17:24,2.5G,026/027 overlap
2024,027_archv.2024_107_13_2d.nc,2025-09-19 15:21,74M,026/027 overlap
2024,027_archv.2024_107_13_3z.nc,2025-09-16 17:25,2.5G,026/027 overlap
2024,027_archv.2024_107_14_2d.nc,2025-09-19 15:21,74M,026/027 overlap
2024,027_archv.2024_107_14_3z.nc,2025-09-16 17:27,2.5G,026/027 overlap
2024,027_archv.2024_107_15_2d.nc,2025-09-19 15:21,74M,026/027 overlap
2024,027_archv.2024_107_15_3z.nc,2025-09-16 17:28,2.5G,026/027 overlap
2024,027_archv.2024_107_16_2d.nc,2025-09-19 15:21,74M,026/027 overlap
2024,027_archv.2024_107_16_3z.nc,2025-09-16 17:28,2.5G,026/027 overlap
2024,027_archv.2024_107_17_2d.nc,2025-09-19 15:21,74M,026/027 overlap
2024,027_archv.2024_107_17_3z.nc,2025-09-16 17:29,2.5G,026/027 overlap
2024,027_archv.2024_107_18_2d.nc,2025-09-19 15:21,74M,026/027 overlap
2024,027_archv.2024_107_18_3z.nc,2025-09-16 17:31,2.5G,026/027 overlap
2024,027_archv.2024_107_19_2d.nc,2025-09-19 15:21,74M,026/027 overlap
2024,027_archv.2024_107_19_3z.nc,2025-09-16 17:32,2.5G,026/027 overlap
2024,027_archv.2024_107_20_2d.nc,2025-09-19 15:21,74M,026/027 overlap
2024,027_archv.2024_107_20_3z.nc,2025-09-16 17:34,2.5G,026/027 overlap
2024,027_archv.2024_107_21_2d.nc,2025-09-19 15:21,74M,026/027 overlap
2024,027_archv.2024_107_21_3z.nc,2025-09-16 17:35,2.5G,026/027 overlap
2024,027_archv.2024_107_22_2d.nc,2025-09-19 15:21,74M,026/027 overlap
2024,027_archv.2024_107_22_3z.nc,2025-09-16 17:36,2.5G,026/027 overlap
2024,027_archv.2024_107_23_2d.nc,2025-09-19 15:21,74M,026/027 overlap
2024,027_archv.2024_107_23_3z.nc,2025-09-16 17:37,2.5G,026/027 overlap
2024,027_archv.2024_108_00_2d.nc,2025-09-19 15:21,74M,026/027 overlap
2024,027_archv.2024_108_00_3z.nc,2025-09-16 17:38,2.5G,026/027 overlap
2024,027_archv.2024_108_01_2d.nc,2025-09-19 15:21,74M,026/027 overlap
2024,027_archv.2024_108_01_3z.nc,2025-09-16 17:38,2.5G,026/027 overlap
2024,027_archv.2024_108_02_2d.nc,2025-09-19 15:21,74M,026/027 overlap
2024,027_archv.2024_108_02_3z.nc,2025-09-16 17:39,2.5G,026/027 overlap
2024,027_archv.2024_108_03_2d.nc,2025-09-19 15:21,74M,026/027 overlap
2024,027_archv.2024_108_03_3z.nc,2025-09-16 17:40,2.5G,026/027 overlap
2024,027_archv.2024_108_04_2d.nc,2025-09-19 15:21,74M,026/027 overlap
2024,027_archv.2024_108_04_3z.nc,2025-09-16 17:41,2.5G,026/027 overlap
2024,027_archv.2024_108_05_2d.nc,2025-09-19 15:21,74M,026/027 overlap
2024,027_archv.2024_108_05_3z.nc,2025-09-16 17:41,2.5G,026/027 overlap
2024,027_archv.2024_108_06_2d.nc,2025-09-19 15:21,74M,026/027 overlap
2024,027_archv.2024_108_06_3z.nc,2025-09-16 17:42,2.5G,026/027 overlap
2024,027_archv.2024_108_07_2d.nc,2025-09-19 15:21,74M,026/027 overlap
2024,027_archv.2024_108_07_3z.nc,2025-09-16 17:43,2.5G,026/027 overlap
2024,027_archv.2024_108_08_2d.nc,2025-09-19 15:21,74M,026/027 overlap
2024,027_archv.2024_108_08_3z.nc,2025-09-16 17:44,2.5G,026/027 overlap
2024,027_archv.2024_108_09_2d.nc,2025-09-19 15:21,74M,026/027 overlap
2024,027_archv.2024_108_09_3z.nc,2025-09-16 17:44,2.5G,026/027 overlap
2024,027_archv.2024_108_10_2d.nc,2025-09-19 15:21,74M,026/027 overlap
2024,027_archv.2024_108_10_3z.nc,2025-09-16 17:45,2.5G,026/027 overlap
2024,027_archv.2024_108_11_2d.nc,2025-09-19 15:21,74M,026/027 overlap
2024,027_archv.2024_108_11_3z.nc,2025-09-16 17:45,2.5G,026/027 overlap
2024,027_archv.2024_108_12_2d.nc,2025-09-19 15:21,74M,026/027 overlap
2024,027_archv.2024_108_12_3z.nc,2025-09-16 17:46,2.5G,026/027 overlap
2024,027_archv.2024_108_13_2d.nc,2025-09-19 15:21,74M,026/027 overlap
2024,027_archv.2024_108_13_3z.nc,2025-09-16 17:46,2.5G,026/027 overlap
2024,027_archv.2024_108_14_2d.nc,2025-09-19 15:21,74M,026/027 overlap
2024,027_archv.2024_108_14_3z.nc,2025-09-16 17:47,2.5G,026/027 overlap
2024,027_archv.2024_108_15_2d.nc,2025-09-19 15:21,74M,026/027 overlap
2024,027_archv.2024_108_15_3z.nc,2025-09-16 17:48,2.5G,026/027 overlap
2024,027_archv.2024_108_16_2d.nc,2025-09-19 15:21,74M,026/027 overlap
2024,027_archv.2024_108_16_3z.nc,2025-09-16 17:48,2.5G,026/027 overlap
2024,027_archv.2024_108_17_2d.nc,2025-09-19 15:21,74M,026/027 overlap
2024,027_archv.2024_108_17_3z.nc,2025-09-16 17:49,2.5G,026/027 overlap
2024,027_archv.2024_108_18_2d.nc,2025-09-19 15:21,74M,026/027 overlap
2024,027_archv.2024_108_18_3z.nc,2025-09-16 17:49,2.5G,026/027 overlap
2024,027_archv.2024_108_19_2d.nc,2025-09-19 15:21,74M,026/027 overlap
2024,027_archv.2024_108_19_3z.nc,2025-09-16 17:50,2.5G,026/027 overlap
2024,027_archv.2024_108_20_2d.nc,2025-09-19 15:21,74M,026/027 overlap
2024,027_archv.2024_108_20_3z.nc,2025-09-16 17:50,2.5G,026/027 overlap
2024,027_archv.2024_108_21_2d.nc,2025-09-19 15:21,74M,026/027 overlap
2024,027_archv.2024_108_21_3z.nc,2025-09-16 17:51,2.5G,026/027 overlap
2024,027_archv.2024_108_22_2d.nc,2025-09-19 15:21,74M,026/027 overlap
2024,027_archv.2024_108_22_3z.nc,2025-09-16 17:52,2.5G,026/027 overlap
2024,027_archv.2024_108_23_2d.nc,2025-09-19 15:21,74M,026/027 overlap
2024,027_archv.2024_108_23_3z.nc,2025-09-16 17:53,2.5G,026/027 overlap
2024,027_archv.2024_109_00_2d.nc,2025-09-19 15:21,74M,026/027 overlap
2024,027_archv.2024_109_00_3z.nc,2025-09-16 17:54,2.5G,026/027 overlap
2024,027_archv.2024_109_01_2d.nc,2025-09-19 15:21,74M,026/027 overlap
2024,027_archv.2024_109_01_3z.nc,2025-09-16 17:54,2.5G,026/027 overlap
2024,027_archv.2024_109_02_2d.nc,2025-09-19 15:21,74M,026/027 overlap
2024,027_archv.2024_109_02_3z.nc,2025-09-16 17:55,2.5G,026/027 overlap
2024,027_archv.2024_109_03_2d.nc,2025-09-19 15:21,74M,026/027 overlap
2024,027_archv.2024_109_03_3z.nc,2025-09-16 17:56,2.5G,026/027 overlap
2024,027_archv.2024_109_04_2d.nc,2025-09-19 15:21,74M,026/027 overlap
2024,027_archv.2024_109_04_3z.nc,2025-09-16 17:56,2.5G,026/027 overlap
2024,027_archv.2024_109_05_2d.nc,2025-09-19 15:22,74M,026/027 overlap
2024,027_archv.2024_109_05_3z.nc,2025-09-16 17:57,2.5G,026/027 overlap
2024,027_archv.2024_109_06_2d.nc,2025-09-19 15:22,74M,026/027 overlap
2024,027_archv.2024_109_06_3z.nc,2025-09-16 17:57,2.5G,026/027 overlap
2024,027_archv.2024_109_07_2d.nc,2025-09-19 15:22,74M,026/027 overlap
2024,027_archv.2024_109_07_3z.nc,2025-09-16 17:58,2.5G,026/027 overlap
2024,027_archv.2024_109_08_2d.nc,2025-09-19 15:22,74M,026/027 overlap
2024,027_archv.2024_109_08_3z.nc,2025-09-16 17:58,2.5G,026/027 overlap
2024,027_archv.2024_109_09_2d.nc,2025-09-19 15:22,74M,026/027 overlap
2024,027_archv.2024_109_09_3z.nc,2025-09-16 17:59,2.5G,026/027 overlap
2024,027_archv.2024_109_10_2d.nc,2025-09-19 15:22,74M,026/027 overlap
2024,027_archv.2024_109_10_3z.nc,2025-09-16 18:00,2.5G,026/027 overlap
2024,027_archv.2024_109_11_2d.nc,2025-09-19 15:22,74M,026/027 overlap
2024,027_archv.2024_109_11_3z.nc,2025-09-16 18:00,2.5G,026/027 overlap
2024,027_archv.2024_109_12_2d.nc,2025-09-19 15:22,74M,026/027 overlap
2024,027_archv.2024_109_12_3z.nc,2025-09-16 18:01,2.5G,026/027 overlap
2024,027_archv.2024_109_13_2d.nc,2025-09-19 15:22,74M,026/027 overlap
2024,027_archv.2024_109_13_3z.nc,2025-09-16 18:01,2.5G,026/027 overlap
2024,027_archv.2024_109_14_2d.nc,2025-09-19 15:22,74M,026/027 overlap
2024,027_archv.2024_109_14_3z.nc,2025-09-16 18:02,2.5G,026/027 overlap
2024,027_archv.2024_109_15_2d.nc,2025-09-19 15:22,74M,026/027 overlap
2024,027_archv.2024_109_15_3z.nc,2025-09-16 18:03,2.5G,026/027 overlap
2024,027_archv.2024_109_16_2d.nc,2025-09-19 15:22,74M,026/027 overlap
2024,027_archv.2024_109_16_3z.nc,2025-09-16 18:03,2.5G,026/027 overlap
2024,027_archv.2024_109_17_2d.nc,2025-09-19 15:22,74M,026/027 overlap
2024,027_archv.2024_109_17_3z.nc,2025-09-16 18:04,2.5G,026/027 overlap
2024,027_archv.2024_109_18_2d.nc,2025-09-19 15:22,74M,026/027 overlap
2024,027_archv.2024_109_18_3z.nc,2025-09-16 18:04,2.5G,026/027 overlap
2024,027_archv.2024_109_19_2d.nc,2025-09-19 15:22,74M,026/027 overlap
2024,027_archv.2024_109_19_3z.nc,2025-09-16 18:05,2.5G,026/027 overlap
2024,027_archv.2024_109_20_2d.nc,2025-09-19 15:22,74M,026/027 overlap
2024,027_archv.2024_109_20_3z.nc,2025-09-16 18:06,2.5G,026/027 overlap
2024,027_archv.2024_109_21_2d.nc,2025-09-19 15:22,74M,026/027 overlap
2024,027_archv.2024_109_21_3z.nc,2025-09-16 18:06,2.5G,026/027 overlap
2024,027_archv.2024_109_22_2d.nc,2025-09-19 15:22,74M,026/027 overlap
2024,027_archv.2024_109_22_3z.nc,2025-09-16 18:07,2.5G,026/027 overlap
2024,027_archv.2024_109_23_2d.nc,2025-09-19 15:22,74M,026/027 overlap
2024,027_archv.2024_109_23_3z.nc,2025-09-16 18:08,2.5G,026/027 overlap
2024,027_archv.2024_110_00_2d.nc,2025-09-19 15:22,74M,026/027 overlap
2024,027_archv.2024_110_00_3z.nc,2025-09-16 18:08,2.5G,026/027 overlap
2024,027_archv.2024_110_01_2d.nc,2025-09-19 15:22,74M,026/027 overlap
2024,027_archv.2024_110_01_3z.nc,2025-09-16 18:08,2.5G,026/027 overlap
2024,027_archv.2024_110_02_2d.nc,2025-09-19 15:22,74M,026/027 overlap
2024,027_archv.2024_110_02_3z.nc,2025-09-16 18:09,2.5G,026/027 overlap
2024,027_archv.2024_110_03_2d.nc,2025-09-19 15:22,74M,026/027 overlap
2024,027_archv.2024_110_03_3z.nc,2025-09-16 18:10,2.5G,026/027 overlap
2024,027_archv.2024_110_04_2d.nc,2025-09-19 15:22,74M,026/027 overlap
2024,027_archv.2024_110_04_3z.nc,2025-09-16 18:10,2.5G,026/027 overlap
2024,027_archv.2024_110_05_2d.nc,2025-09-19 15:22,74M,026/027 overlap
2024,027_archv.2024_110_05_3z.nc,2025-09-16 18:11,2.5G,026/027 overlap
2024,027_archv.2024_110_06_2d.nc,2025-09-19 15:22,74M,026/027 overlap
2024,027_archv.2024_110_06_3z.nc,2025-09-16 18:11,2.5G,026/027 overlap
2024,027_archv.2024_110_07_2d.nc,2025-09-19 15:22,74M,026/027 overlap
2024,027_archv.2024_110_07_3z.nc,2025-09-16 18:12,2.5G,026/027 overlap
2024,027_archv.2024_110_08_2d.nc,2025-09-19 15:22,74M,026/027 overlap
2024,027_archv.2024_110_08_3z.nc,2025-09-16 18:12,2.5G,026/027 overlap
2024,027_archv.2024_110_09_2d.nc,2025-09-19 15:22,74M,026/027 overlap
2024,027_archv.2024_110_09_3z.nc,2025-09-16 18:14,2.5G,026/027 overlap
2024,027_archv.2024_110_10_2d.nc,2025-09-19 15:22,74M,026/027 overlap
2024,027_archv.2024_110_10_3z.nc,2025-09-16 18:14,2.5G,026/027 overlap
2024,027_archv.2024_110_11_2d.nc,2025-09-19 15:22,74M,026/027 overlap
2024,027_archv.2024_110_11_3z.nc,2025-09-16 18:15,2.5G,026/027 overlap
2024,027_archv.2024_110_12_2d.nc,2025-09-19 15:22,74M,026/027 overlap
2024,027_archv.2024_110_12_3z.nc,2025-09-16 18:16,2.5G,026/027 overlap
2024,027_archv.2024_110_13_2d.nc,2025-09-19 15:22,74M,026/027 overlap
2024,027_archv.2024_110_13_3z.nc,2025-09-16 18:16,2.5G,026/027 overlap
2024,027_archv.2024_110_14_2d.nc,2025-09-19 15:22,74M,026/027 overlap
2024,027_archv.2024_110_14_3z.nc,2025-09-16 18:17,2.5G,026/027 overlap
2024,027_archv.2024_110_15_2d.nc,2025-09-19 15:22,74M,026/027 overlap
2024,027_archv.2024_110_15_3z.nc,2025-09-16 18:17,2.5G,026/027 overlap
2024,027_archv.2024_110_16_2d.nc,2025-09-19 15:22,74M,026/027 overlap
2024,027_archv.2024_110_16_3z.nc,2025-09-16 18:18,2.5G,026/027 overlap
2024,027_archv.2024_110_17_2d.nc,2025-09-19 15:22,74M,026/027 overlap
2024,027_archv.2024_110_17_3z.nc,2025-09-16 18:18,2.5G,026/027 overlap
2024,027_archv.2024_110_18_2d.nc,2025-09-19 15:23,74M,026/027 overlap
2024,027_archv.2024_110_18_3z.nc,2025-09-16 18:19,2.5G,026/027 overlap
2024,027_archv.2024_110_19_2d.nc,2025-09-19 15:23,74M,026/027 overlap
2024,027_archv.2024_110_19_3z.nc,2025-09-16 18:19,2.5G,026/027 overlap
2024,027_archv.2024_110_20_2d.nc,2025-09-19 15:23,74M,026/027 overlap
2024,027_archv.2024_110_20_3z.nc,2025-09-16 18:20,2.5G,026/027 overlap
2024,027_archv.2024_110_21_2d.nc,2025-09-19 15:23,74M,026/027 overlap
2024,027_archv.2024_110_21_3z.nc,2025-09-16 18:20,2.5G,026/027 overlap
2024,027_archv.2024_110_22_2d.nc,2025-09-19 15:23,74M,026/027 overlap
2024,027_archv.2024_110_22_3z.nc,2025-09-16 18:21,2.5G,026/027 overlap
2024,027_archv.2024_110_23_2d.nc,2025-09-19 15:23,74M,026/027 overlap
2024,027_archv.2024_110_23_3z.nc,2025-09-16 18:21,2.5G,026/027 overlap
2024,027_archv.2024_111_00_2d.nc,2025-09-19 15:23,74M,026/027 overlap
2024,027_archv.2024_111_00_3z.nc,2025-09-16 18:22,2.5G,026/027 overlap
2024,027_archv.2024_111_01_2d.nc,2025-09-19 15:23,74M,026/027 overlap
2024,027_archv.2024_111_01_3z.nc,2025-09-16 18:22,2.5G,026/027 overlap
2024,027_archv.2024_111_02_2d.nc,2025-09-19 15:23,74M,026/027 overlap
2024,027_archv.2024_111_02_3z.nc,2025-09-16 18:23,2.5G,026/027 overlap
2024,027_archv.2024_111_03_2d.nc,2025-09-19 15:23,74M,026/027 overlap
2024,027_archv.2024_111_03_3z.nc,2025-09-16 18:23,2.5G,026/027 overlap
2024,027_archv.2024_111_04_2d.nc,2025-09-19 15:23,74M,026/027 overlap
2024,027_archv.2024_111_04_3z.nc,2025-09-16 18:24,2.5G,026/027 overlap
2024,027_archv.2024_111_05_2d.nc,2025-09-19 15:23,74M,026/027 overlap
2024,027_archv.2024_111_05_3z.nc,2025-09-16 18:24,2.5G,026/027 overlap
2024,027_archv.2024_111_06_2d.nc,2025-09-19 15:23,74M,026/027 overlap
2024,027_archv.2024_111_06_3z.nc,2025-09-16 18:25,2.5G,026/027 overlap
2024,027_archv.2024_111_07_2d.nc,2025-09-19 15:23,74M,026/027 overlap
2024,027_archv.2024_111_07_3z.nc,2025-09-16 18:25,2.5G,026/027 overlap
2024,027_archv.2024_111_08_2d.nc,2025-09-19 15:23,74M,026/027 overlap
2024,027_archv.2024_111_08_3z.nc,2025-09-16 18:26,2.5G,026/027 overlap
2024,027_archv.2024_111_09_2d.nc,2025-09-19 15:23,74M,026/027 overlap
2024,027_archv.2024_111_09_3z.nc,2025-09-16 18:26,2.5G,026/027 overlap
2024,027_archv.2024_111_10_2d.nc,2025-09-19 15:23,74M,026/027 overlap
2024,027_archv.2024_111_10_3z.nc,2025-09-16 18:26,2.5G,026/027 overlap
2024,027_archv.2024_111_11_2d.nc,2025-09-19 15:23,74M,026/027 overlap
2024,027_archv.2024_111_11_3z.nc,2025-09-16 18:27,2.5G,026/027 overlap
2024,027_archv.2024_111_12_2d.nc,2025-09-19 15:23,74M,026/027 overlap
2024,027_archv.2024_111_12_3z.nc,2025-09-16 18:27,2.5G,026/027 overlap
2024,027_archv.2024_111_13_2d.nc,2025-09-19 15:23,74M,026/027 overlap
2024,027_archv.2024_111_13_3z.nc,2025-09-16 18:28,2.5G,026/027 overlap
2024,027_archv.2024_111_14_2d.nc,2025-09-19 15:23,74M,026/027 overlap
2024,027_archv.2024_111_14_3z.nc,2025-09-16 18:28,2.5G,026/027 overlap
2024,027_archv.2024_111_15_2d.nc,2025-09-19 15:23,74M,026/027 overlap
2024,027_archv.2024_111_15_3z.nc,2025-09-16 18:29,2.5G,026/027 overlap
2024,027_archv.2024_111_16_2d.nc,2025-09-19 15:23,74M,026/027 overlap
2024,027_archv.2024_111_16_3z.nc,2025-09-16 18:29,2.5G,026/027 overlap
2024,027_archv.2024_111_17_2d.nc,2025-09-19 15:23,74M,026/027 overlap
2024,027_archv.2024_111_17_3z.nc,2025-09-16 18:30,2.5G,026/027 overlap
2024,027_archv.2024_111_18_2d.nc,2025-09-19 15:23,74M,026/027 overlap
2024,027_archv.2024_111_18_3z.nc,2025-09-16 18:31,2.5G,026/027 overlap
2024,027_archv.2024_111_19_2d.nc,2025-09-19 15:23,74M,026/027 overlap
2024,027_archv.2024_111_19_3z.nc,2025-09-16 18:31,2.5G,026/027 overlap
2024,027_archv.2024_111_20_2d.nc,2025-09-19 15:23,74M,026/027 overlap
2024,027_archv.2024_111_20_3z.nc,2025-09-16 18:32,2.5G,026/027 overlap
2024,027_archv.2024_111_21_2d.nc,2025-09-19 15:23,74M,026/027 overlap
2024,027_archv.2024_111_21_3z.nc,2025-09-16 18:32,2.5G,026/027 overlap
2024,027_archv.2024_111_22_2d.nc,2025-09-19 15:23,74M,026/027 overlap
2024,027_archv.2024_111_22_3z.nc,2025-09-16 18:33,2.5G,026/027 overlap
2024,027_archv.2024_111_23_2d.nc,2025-09-19 15:23,74M,026/027 overlap
2024,027_archv.2024_111_23_3z.nc,2025-09-16 18:33,2.5G,026/027 overlap
2024,027_archv.2024_112_00_2d.nc,2025-09-19 15:23,74M,026/027 overlap
2024,027_archv.2024_112_00_3z.nc,2025-09-16 18:33,2.5G,026/027 overlap
2024,027_archv.2024_112_01_2d.nc,2025-09-19 15:23,74M,026/027 overlap
2024,027_archv.2024_112_01_3z.nc,2025-09-16 18:34,2.5G,026/027 overlap
2024,027_archv.2024_112_02_2d.nc,2025-09-19 15:23,74M,026/027 overlap
2024,027_archv.2024_112_02_3z.nc,2025-09-16 18:34,2.5G,026/027 overlap
2024,027_archv.2024_112_03_2d.nc,2025-09-19 15:23,74M,026/027 overlap
2024,027_archv.2024_112_03_3z.nc,2025-09-16 18:35,2.5G,026/027 overlap
2024,027_archv.2024_112_04_2d.nc,2025-09-19 15:23,74M,026/027 overlap
2024,027_archv.2024_112_04_3z.nc,2025-09-16 18:36,2.5G,026/027 overlap
2024,027_archv.2024_112_05_2d.nc,2025-09-19 15:23,74M,026/027 overlap
2024,027_archv.2024_112_05_3z.nc,2025-09-16 18:36,2.5G,026/027 overlap
2024,027_archv.2024_112_06_2d.nc,2025-09-19 15:23,74M,026/027 overlap
2024,027_archv.2024_112_06_3z.nc,2025-09-16 18:37,2.5G,026/027 overlap
2024,027_archv.2024_112_07_2d.nc,2025-09-19 15:23,74M,026/027 overlap
2024,027_archv.2024_112_07_3z.nc,2025-09-16 18:37,2.5G,026/027 overlap
2024,027_archv.2024_112_08_2d.nc,2025-09-19 15:23,74M,026/027 overlap
2024,027_archv.2024_112_08_3z.nc,2025-09-16 18:38,2.5G,026/027 overlap
2024,027_archv.2024_112_09_2d.nc,2025-09-19 15:23,74M,026/027 overlap
2024,027_archv.2024_112_09_3z.nc,2025-09-16 18:38,2.5G,026/027 overlap
2024,027_archv.2024_112_10_2d.nc,2025-09-19 15:23,74M,026/027 overlap
2024,027_archv.2024_112_10_3z.nc,2025-09-16 18:39,2.5G,026/027 overlap
2024,027_archv.2024_112_11_2d.nc,2025-09-19 15:23,74M,026/027 overlap
2024,027_archv.2024_112_11_3z.nc,2025-09-16 18:40,2.5G,026/027 overlap
2024,027_archv.2024_112_12_2d.nc,2025-09-19 15:23,74M,026/027 overlap
2024,027_archv.2024_112_12_3z.nc,2025-09-16 18:40,2.5G,026/027 overlap
2024,027_archv.2024_112_13_2d.nc,2025-09-19 15:23,74M,026/027 overlap
2024,027_archv.2024_112_13_3z.nc,2025-09-16 18:41,2.5G,026/027 overlap
2024,027_archv.2024_112_14_2d.nc,2025-09-19 15:23,74M,026/027 overlap
2024,027_archv.2024_112_14_3z.nc,2025-09-16 18:42,2.5G,026/027 overlap
2024,027_archv.2024_112_15_2d.nc,2025-09-19 15:23,74M,026/027 overlap
2024,027_archv.2024_112_15_3z.nc,2025-09-16 18:42,2.5G,026/027 overlap
2024,027_archv.2024_112_16_2d.nc,2025-09-19 15:23,74M,026/027 overlap
2024,027_archv.2024_112_16_3z.nc,2025-09-16 18:43,2.5G,026/027 overlap
2024,027_archv.2024_112_17_2d.nc,2025-09-19 15:23,74M,026/027 overlap
2024,027_archv.2024_112_17_3z.nc,2025-09-16 18:44,2.5G,026/027 overlap
2024,027_archv.2024_112_18_2d.nc,2025-09-19 15:23,74M,026/027 overlap
2024,027_archv.2024_112_18_3z.nc,2025-09-16 18:45,2.5G,026/027 overlap
2024,027_archv.2024_112_19_2d.nc,2025-09-19 15:23,74M,026/027 overlap
2024,027_archv.2024_112_19_3z.nc,2025-09-16 18:45,2.5G,026/027 overlap
2024,027_archv.2024_112_20_2d.nc,2025-09-19 15:23,74M,026/027 overlap
2024,027_archv.2024_112_20_3z.nc,2025-09-16 18:46,2.5G,026/027 overlap
2024,027_archv.2024_112_21_2d.nc,2025-09-19 15:23,74M,026/027 overlap
2024,027_archv.2024_112_21_3z.nc,2025-09-16 18:46,2.5G,026/027 overlap
2024,027_archv.2024_112_22_2d.nc,2025-09-19 15:23,74M,026/027 overlap
2024,027_archv.2024_112_22_3z.nc,2025-09-16 18:47,2.5G,026/027 overlap
2024,027_archv.2024_112_23_2d.nc,2025-09-19 15:24,74M,026/027 overlap
2024,027_archv.2024_112_23_3z.nc,2025-09-16 18:48,2.5G,026/027 overlap
2024,027_archv.2024_113_00_2d.nc,2025-09-19 15:24,74M,026/027 overlap
2024,027_archv.2024_113_00_3z.nc,2025-09-16 18:48,2.5G,026/027 overlap
2024,027_archv.2024_113_01_2d.nc,2025-09-19 15:24,74M,026/027 overlap
2024,027_archv.2024_113_01_3z.nc,2025-09-16 18:49,2.5G,026/027 overlap
2024,027_archv.2024_113_02_2d.nc,2025-09-19 15:24,74M,026/027 overlap
2024,027_archv.2024_113_02_3z.nc,2025-09-16 18:49,2.5G,026/027 overlap
2024,027_archv.2024_113_03_2d.nc,2025-09-19 15:24,74M,026/027 overlap
2024,027_archv.2024_113_03_3z.nc,2025-09-16 18:50,2.5G,026/027 overlap
2024,027_archv.2024_113_04_2d.nc,2025-09-19 15:24,74M,026/027 overlap
2024,027_archv.2024_113_04_3z.nc,2025-09-16 18:51,2.5G,026/027 overlap
2024,027_archv.2024_113_05_2d.nc,2025-09-19 15:24,74M,026/027 overlap
2024,027_archv.2024_113_05_3z.nc,2025-09-16 18:51,2.5G,026/027 overlap
2024,027_archv.2024_113_06_2d.nc,2025-09-19 15:24,74M,026/027 overlap
2024,027_archv.2024_113_06_3z.nc,2025-09-16 18:52,2.5G,026/027 overlap
2024,027_archv.2024_113_07_2d.nc,2025-09-19 15:24,74M,026/027 overlap
2024,027_archv.2024_113_07_3z.nc,2025-09-16 18:52,2.5G,026/027 overlap
2024,027_archv.2024_113_08_2d.nc,2025-09-19 15:24,74M,026/027 overlap
2024,027_archv.2024_113_08_3z.nc,2025-09-16 18:53,2.5G,026/027 overlap
2024,027_archv.2024_113_09_2d.nc,2025-09-19 15:24,74M,026/027 overlap
2024,027_archv.2024_113_09_3z.nc,2025-09-16 18:53,2.5G,026/027 overlap
2024,027_archv.2024_113_10_2d.nc,2025-09-19 15:24,74M,026/027 overlap
2024,027_archv.2024_113_10_3z.nc,2025-09-16 18:54,2.5G,026/027 overlap
2024,027_archv.2024_113_11_2d.nc,2025-09-19 15:24,74M,026/027 overlap
2024,027_archv.2024_113_11_3z.nc,2025-09-16 18:54,2.5G,026/027 overlap
2024,027_archv.2024_113_12_2d.nc,2025-09-19 15:24,74M,026/027 overlap
2024,027_archv.2024_113_12_3z.nc,2025-09-16 18:55,2.5G,026/027 overlap
2024,027_archv.2024_113_13_2d.nc,2025-09-19 15:24,74M,026/027 overlap
2024,027_archv.2024_113_13_3z.nc,2025-09-16 18:56,2.5G,026/027 overlap
2024,027_archv.2024_113_14_2d.nc,2025-09-19 15:24,74M,026/027 overlap
2024,027_archv.2024_113_14_3z.nc,2025-09-16 18:56,2.5G,026/027 overlap
2024,027_archv.2024_113_15_2d.nc,2025-09-19 15:24,74M,026/027 overlap
2024,027_archv.2024_113_15_3z.nc,2025-09-16 18:57,2.5G,026/027 overlap
2024,027_archv.2024_113_16_2d.nc,2025-09-19 15:24,74M,026/027 overlap
2024,027_archv.2024_113_16_3z.nc,2025-09-16 18:57,2.5G,026/027 overlap
2024,027_archv.2024_113_17_2d.nc,2025-09-19 15:24,74M,026/027 overlap
2024,027_archv.2024_113_17_3z.nc,2025-09-16 18:58,2.5G,026/027 overlap
2024,027_archv.2024_113_18_2d.nc,2025-09-19 15:24,74M,026/027 overlap
2024,027_archv.2024_113_18_3z.nc,2025-09-16 18:58,2.5G,026/027 overlap
2024,027_archv.2024_113_19_2d.nc,2025-09-19 15:24,74M,026/027 overlap
2024,027_archv.2024_113_19_3z.nc,2025-09-16 18:59,2.5G,026/027 overlap
2024,027_archv.2024_113_20_2d.nc,2025-09-19 15:24,74M,026/027 overlap
2024,027_archv.2024_113_20_3z.nc,2025-09-16 18:59,2.5G,026/027 overlap
2024,027_archv.2024_113_21_2d.nc,2025-09-19 15:24,74M,026/027 overlap
2024,027_archv.2024_113_21_3z.nc,2025-09-16 19:00,2.5G,026/027 overlap
2024,027_archv.2024_113_22_2d.nc,2025-09-19 15:24,74M,026/027 overlap
2024,027_archv.2024_113_22_3z.nc,2025-09-16 19:00,2.5G,026/027 overlap
2024,027_archv.2024_113_23_2d.nc,2025-09-19 15:24,74M,026/027 overlap
2024,027_archv.2024_113_23_3z.nc,2025-09-16 19:01,2.5G,026/027 overlap
2024,027_archv.2024_114_00_2d.nc,2025-09-19 15:24,74M,026/027 overlap
2024,027_archv.2024_114_00_3z.nc,2025-09-16 19:02,2.5G,026/027 overlap
2024,027_archv.2024_114_01_2d.nc,2025-09-19 15:24,74M,026/027 overlap
2024,027_archv.2024_114_01_3z.nc,2025-09-16 19:02,2.5G,026/027 overlap
2024,027_archv.2024_114_02_2d.nc,2025-09-19 15:24,74M,026/027 overlap
2024,027_archv.2024_114_02_3z.nc,2025-09-16 19:03,2.5G,026/027 overlap
2024,027_archv.2024_114_03_2d.nc,2025-09-19 15:24,74M,026/027 overlap
2024,027_archv.2024_114_03_3z.nc,2025-09-16 19:04,2.5G,026/027 overlap
2024,027_archv.2024_114_04_2d.nc,2025-09-19 15:24,74M,026/027 overlap
2024,027_archv.2024_114_04_3z.nc,2025-09-16 19:04,2.5G,026/027 overlap
2024,027_archv.2024_114_05_2d.nc,2025-09-19 15:24,74M,026/027 overlap
2024,027_archv.2024_114_05_3z.nc,2025-09-16 19:05,2.5G,026/027 overlap
2024,027_archv.2024_114_06_2d.nc,2025-09-19 15:24,74M,026/027 overlap
2024,027_archv.2024_114_06_3z.nc,2025-09-16 19:06,2.5G,026/027 overlap
2024,027_archv.2024_114_07_2d.nc,2025-09-19 15:24,74M,026/027 overlap
2024,027_archv.2024_114_07_3z.nc,2025-09-16 19:07,2.5G,026/027 overlap
2024,027_archv.2024_114_08_2d.nc,2025-09-19 15:24,74M,026/027 overlap
2024,027_archv.2024_114_08_3z.nc,2025-09-16 19:07,2.5G,026/027 overlap
2024,027_archv.2024_114_09_2d.nc,2025-09-19 15:24,74M,026/027 overlap
2024,027_archv.2024_114_09_3z.nc,2025-09-16 19:08,2.5G,026/027 overlap
2024,027_archv.2024_114_10_2d.nc,2025-09-19 15:24,74M,026/027 overlap
2024,027_archv.2024_114_10_3z.nc,2025-09-16 19:08,2.5G,026/027 overlap
2024,027_archv.2024_114_11_2d.nc,2025-09-19 15:24,74M,026/027 overlap
2024,027_archv.2024_114_11_3z.nc,2025-09-16 19:09,2.5G,026/027 overlap
2024,027_archv.2024_114_12_2d.nc,2025-09-19 15:24,74M,026/027 overlap
2024,027_archv.2024_114_12_3z.nc,2025-09-16 19:10,2.5G,026/027 overlap
2024,027_archv.2024_114_13_2d.nc,2025-09-19 15:24,74M,026/027 overlap
2024,027_archv.2024_114_13_3z.nc,2025-09-16 19:11,2.5G,026/027 overlap
2024,027_archv.2024_114_14_2d.nc,2025-09-19 15:24,74M,026/027 overlap
2024,027_archv.2024_114_14_3z.nc,2025-09-16 19:12,2.5G,026/027 overlap
2024,027_archv.2024_114_15_2d.nc,2025-09-19 15:24,74M,026/027 overlap
2024,027_archv.2024_114_15_3z.nc,2025-09-16 19:12,2.5G,026/027 overlap
2024,027_archv.2024_114_16_2d.nc,2025-09-19 15:24,74M,026/027 overlap
2024,027_archv.2024_114_16_3z.nc,2025-09-16 19:13,2.5G,026/027 overlap
2024,027_archv.2024_114_17_2d.nc,2025-09-19 15:24,74M,026/027 overlap
2024,027_archv.2024_114_17_3z.nc,2025-09-16 19:14,2.5G,026/027 overlap
2024,027_archv.2024_114_18_2d.nc,2025-09-19 15:24,74M,026/027 overlap
2024,027_archv.2024_114_18_3z.nc,2025-09-16 19:14,2.5G,026/027 overlap
2024,027_archv.2024_114_19_2d.nc,2025-09-19 15:24,74M,026/027 overlap
2024,027_archv.2024_114_19_3z.nc,2025-09-16 19:15,2.5G,026/027 overlap
2024,027_archv.2024_114_20_2d.nc,2025-09-19 15:24,74M,026/027 overlap
2024,027_archv.2024_114_20_3z.nc,2025-09-16 19:16,2.5G,026/027 overlap
2024,027_archv.2024_114_21_2d.nc,2025-09-19 15:24,74M,026/027 overlap
2024,027_archv.2024_114_21_3z.nc,2025-09-16 19:17,2.5G,026/027 overlap
2024,027_archv.2024_114_22_2d.nc,2025-09-19 15:24,74M,026/027 overlap
2024,027_archv.2024_114_22_3z.nc,2025-09-16 19:17,2.5G,026/027 overlap
2024,027_archv.2024_114_23_2d.nc,2025-09-19 15:24,74M,026/027 overlap
2024,027_archv.2024_114_23_3z.nc,2025-09-16 19:18,2.5G,026/027 overlap
2024,027_archv.2024_115_00_2d.nc,2025-09-19 15:24,74M,026/027 overlap
2024,027_archv.2024_115_00_3z.nc,2025-09-16 19:19,2.5G,026/027 overlap
2024,027_archv.2024_115_01_2d.nc,2025-09-19 15:24,74M,026/027 overlap
2024,027_archv.2024_115_01_3z.nc,2025-09-16 19:20,2.5G,026/027 overlap
2024,027_archv.2024_115_02_2d.nc,2025-09-19 15:24,74M,026/027 overlap
2024,027_archv.2024_115_02_3z.nc,2025-09-16 19:20,2.5G,026/027 overlap
2024,027_archv.2024_115_03_2d.nc,2025-09-19 15:24,74M,026/027 overlap
2024,027_archv.2024_115_03_3z.nc,2025-09-16 19:21,2.5G,026/027 overlap
2024,027_archv.2024_115_04_2d.nc,2025-09-19 15:24,74M,026/027 overlap
2024,027_archv.2024_115_04_3z.nc,2025-09-16 19:22,2.5G,026/027 overlap
2024,027_archv.2024_115_05_2d.nc,2025-09-19 15:24,74M,026/027 overlap
2024,027_archv.2024_115_05_3z.nc,2025-09-16 19:22,2.5G,026/027 overlap
2024,027_archv.2024_115_06_2d.nc,2025-09-19 15:24,74M,026/027 overlap
2024,027_archv.2024_115_06_3z.nc,2025-09-16 19:23,2.5G,026/027 overlap
2024,027_archv.2024_115_07_2d.nc,2025-09-19 15:24,74M,026/027 overlap
2024,027_archv.2024_115_07_3z.nc,2025-09-16 19:23,2.5G,026/027 overlap
2024,027_archv.2024_115_08_2d.nc,2025-09-19 15:24,74M,026/027 overlap
2024,027_archv.2024_115_08_3z.nc,2025-09-16 19:24,2.5G,026/027 overlap
2024,027_archv.2024_115_09_2d.nc,2025-09-19 15:24,74M,026/027 overlap
2024,027_archv.2024_115_09_3z.nc,2025-09-16 19:25,2.5G,026/027 overlap
2024,027_archv.2024_115_10_2d.nc,2025-09-19 15:24,74M,026/027 overlap
2024,027_archv.2024_115_10_3z.nc,2025-09-16 19:26,2.5G,026/027 overlap
2024,027_archv.2024_115_11_2d.nc,2025-09-19 15:24,74M,026/027 overlap
2024,027_archv.2024_115_11_3z.nc,2025-09-16 19:26,2.5G,026/027 overlap
2024,027_archv.2024_115_12_2d.nc,2025-09-19 15:24,74M,026/027 overlap
2024,027_archv.2024_115_12_3z.nc,2025-09-16 19:27,2.5G,026/027 overlap
2024,027_archv.2024_115_13_2d.nc,2025-09-19 15:24,74M,026/027 overlap
2024,027_archv.2024_115_13_3z.nc,2025-09-16 19:28,2.5G,026/027 overlap
2024,027_archv.2024_115_14_2d.nc,2025-09-19 15:25,74M,026/027 overlap
2024,027_archv.2024_115_14_3z.nc,2025-09-16 19:28,2.5G,026/027 overlap
2024,027_archv.2024_115_15_2d.nc,2025-09-19 15:25,74M,026/027 overlap
2024,027_archv.2024_115_15_3z.nc,2025-09-16 19:29,2.5G,026/027 overlap
2024,027_archv.2024_115_16_2d.nc,2025-09-19 15:25,74M,026/027 overlap
2024,027_archv.2024_115_16_3z.nc,2025-09-16 19:30,2.5G,026/027 overlap
2024,027_archv.2024_115_17_2d.nc,2025-09-19 15:25,74M,026/027 overlap
2024,027_archv.2024_115_17_3z.nc,2025-09-16 19:31,2.5G,026/027 overlap
2024,027_archv.2024_115_18_2d.nc,2025-09-19 15:25,74M,026/027 overlap
2024,027_archv.2024_115_18_3z.nc,2025-09-16 19:31,2.5G,026/027 overlap
2024,027_archv.2024_115_19_2d.nc,2025-09-19 15:25,74M,026/027 overlap
2024,027_archv.2024_115_19_3z.nc,2025-09-16 19:32,2.5G,026/027 overlap
2024,027_archv.2024_115_20_2d.nc,2025-09-19 15:25,74M,026/027 overlap
2024,027_archv.2024_115_20_3z.nc,2025-09-16 19:32,2.5G,026/027 overlap
2024,027_archv.2024_115_21_2d.nc,2025-09-19 15:25,74M,026/027 overlap
2024,027_archv.2024_115_21_3z.nc,2025-09-16 19:33,2.5G,026/027 overlap
2024,027_archv.2024_115_22_2d.nc,2025-09-19 15:25,74M,026/027 overlap
2024,027_archv.2024_115_22_3z.nc,2025-09-16 19:33,2.5G,026/027 overlap
2024,027_archv.2024_115_23_2d.nc,2025-09-19 15:25,74M,026/027 overlap
2024,027_archv.2024_115_23_3z.nc,2025-09-16 19:34,2.5G,026/027 overlap
2024,027_archv.2024_116_00_2d.nc,2025-09-19 15:25,74M,026/027 overlap
2024,027_archv.2024_116_00_3z.nc,2025-09-16 19:34,2.5G,026/027 overlap
2024,027_archv.2024_116_01_2d.nc,2025-09-19 15:25,74M,026/027 overlap
2024,027_archv.2024_116_01_3z.nc,2025-09-16 19:35,2.5G,026/027 overlap
2024,027_archv.2024_116_02_2d.nc,2025-09-19 15:25,74M,026/027 overlap
2024,027_archv.2024_116_02_3z.nc,2025-09-16 19:36,2.5G,026/027 overlap
2024,027_archv.2024_116_03_2d.nc,2025-09-19 15:25,74M,026/027 overlap
2024,027_archv.2024_116_03_3z.nc,2025-09-16 19:36,2.5G,026/027 overlap
2024,027_archv.2024_116_04_2d.nc,2025-09-19 15:25,74M,026/027 overlap
2024,027_archv.2024_116_04_3z.nc,2025-09-16 19:37,2.5G,026/027 overlap
2024,027_archv.2024_116_05_2d.nc,2025-09-19 15:25,74M,026/027 overlap
2024,027_archv.2024_116_05_3z.nc,2025-09-16 19:37,2.5G,026/027 overlap
2024,027_archv.2024_116_06_2d.nc,2025-09-19 15:25,74M,026/027 overlap
2024,027_archv.2024_116_06_3z.nc,2025-09-16 19:38,2.5G,026/027 overlap
2024,027_archv.2024_116_07_2d.nc,2025-09-19 15:25,74M,026/027 overlap
2024,027_archv.2024_116_07_3z.nc,2025-09-16 19:39,2.5G,026/027 overlap
2024,027_archv.2024_116_08_2d.nc,2025-09-19 15:25,74M,026/027 overlap
2024,027_archv.2024_116_08_3z.nc,2025-09-16 19:39,2.5G,026/027 overlap
2024,027_archv.2024_116_09_2d.nc,2025-09-19 15:25,74M,026/027 overlap
2024,027_archv.2024_116_09_3z.nc,2025-09-16 19:40,2.5G,026/027 overlap
2024,027_archv.2024_116_10_2d.nc,2025-09-19 15:25,74M,026/027 overlap
2024,027_archv.2024_116_10_3z.nc,2025-09-16 19:40,2.5G,026/027 overlap
2024,027_archv.2024_116_11_2d.nc,2025-09-19 15:25,74M,026/027 overlap
2024,027_archv.2024_116_11_3z.nc,2025-09-16 19:41,2.5G,026/027 overlap
2024,027_archv.2024_116_12_2d.nc,2025-09-19 15:25,74M,026/027 overlap
2024,027_archv.2024_116_12_3z.nc,2025-09-16 19:42,2.5G,026/027 overlap
2024,027_archv.2024_116_13_2d.nc,2025-09-19 15:25,74M,026/027 overlap
2024,027_archv.2024_116_13_3z.nc,2025-09-16 19:42,2.5G,026/027 overlap
2024,027_archv.2024_116_14_2d.nc,2025-09-19 15:25,74M,026/027 overlap
2024,027_archv.2024_116_14_3z.nc,2025-09-16 19:43,2.5G,026/027 overlap
2024,027_archv.2024_116_15_2d.nc,2025-09-19 15:25,74M,026/027 overlap
2024,027_archv.2024_116_15_3z.nc,2025-09-16 19:44,2.5G,026/027 overlap
2024,027_archv.2024_116_16_2d.nc,2025-09-19 15:25,74M,026/027 overlap
2024,027_archv.2024_116_16_3z.nc,2025-09-16 19:44,2.5G,026/027 overlap
2024,027_archv.2024_116_17_2d.nc,2025-09-19 15:25,74M,026/027 overlap
2024,027_archv.2024_116_17_3z.nc,2025-09-16 19:45,2.5G,026/027 overlap
2024,027_archv.2024_116_18_2d.nc,2025-09-19 15:25,74M,026/027 overlap
2024,027_archv.2024_116_18_3z.nc,2025-09-16 19:45,2.5G,026/027 overlap
2024,027_archv.2024_116_19_2d.nc,2025-09-19 15:25,74M,026/027 overlap
2024,027_archv.2024_116_19_3z.nc,2025-09-16 19:46,2.5G,026/027 overlap
2024,027_archv.2024_116_20_2d.nc,2025-09-19 15:25,74M,026/027 overlap
2024,027_archv.2024_116_20_3z.nc,2025-09-16 19:47,2.5G,026/027 overlap
2024,027_archv.2024_116_21_2d.nc,2025-09-19 15:25,74M,026/027 overlap
2024,027_archv.2024_116_21_3z.nc,2025-09-16 19:47,2.5G,026/027 overlap
2024,027_archv.2024_116_22_2d.nc,2025-09-19 15:25,74M,026/027 overlap
2024,027_archv.2024_116_22_3z.nc,2025-09-16 19:48,2.5G,026/027 overlap
2024,027_archv.2024_116_23_2d.nc,2025-09-19 15:25,74M,026/027 overlap
2024,027_archv.2024_116_23_3z.nc,2025-09-16 19:49,2.5G,026/027 overlap
2024,027_archv.2024_117_00_2d.nc,2025-09-19 15:25,74M,026/027 overlap
2024,027_archv.2024_117_00_3z.nc,2025-09-16 19:50,2.5G,026/027 overlap
2024,027_archv.2024_117_01_2d.nc,2025-09-19 15:25,74M,026/027 overlap
2024,027_archv.2024_117_01_3z.nc,2025-09-16 19:50,2.5G,026/027 overlap
2024,027_archv.2024_117_02_2d.nc,2025-09-19 15:25,74M,026/027 overlap
2024,027_archv.2024_117_02_3z.nc,2025-09-16 19:51,2.5G,026/027 overlap
2024,027_archv.2024_117_03_2d.nc,2025-09-19 15:25,74M,026/027 overlap
2024,027_archv.2024_117_03_3z.nc,2025-09-16 19:52,2.5G,026/027 overlap
2024,027_archv.2024_117_04_2d.nc,2025-09-19 15:25,74M,026/027 overlap
2024,027_archv.2024_117_04_3z.nc,2025-09-16 19:52,2.5G,026/027 overlap
2024,027_archv.2024_117_05_2d.nc,2025-09-19 15:25,74M,026/027 overlap
2024,027_archv.2024_117_05_3z.nc,2025-09-16 19:53,2.5G,026/027 overlap
2024,027_archv.2024_117_06_2d.nc,2025-09-19 15:25,74M,026/027 overlap
2024,027_archv.2024_117_06_3z.nc,2025-09-16 19:54,2.5G,026/027 overlap
2024,027_archv.2024_117_07_2d.nc,2025-09-19 15:25,74M,026/027 overlap
2024,027_archv.2024_117_07_3z.nc,2025-09-16 19:54,2.5G,026/027 overlap
2024,027_archv.2024_117_08_2d.nc,2025-09-19 15:25,74M,026/027 overlap
2024,027_archv.2024_117_08_3z.nc,2025-09-16 19:55,2.5G,026/027 overlap
2024,027_archv.2024_117_09_2d.nc,2025-09-19 15:25,74M,026/027 overlap
2024,027_archv.2024_117_09_3z.nc,2025-09-16 19:55,2.5G,026/027 overlap
2024,027_archv.2024_117_10_2d.nc,2025-09-19 15:25,74M,026/027 overlap
2024,027_archv.2024_117_10_3z.nc,2025-09-16 19:56,2.5G,026/027 overlap
2024,027_archv.2024_117_11_2d.nc,2025-09-19 15:25,74M,026/027 overlap
2024,027_archv.2024_117_11_3z.nc,2025-09-16 19:56,2.5G,026/027 overlap
2024,027_archv.2024_117_12_2d.nc,2025-09-19 15:25,74M,026/027 overlap
2024,027_archv.2024_117_12_3z.nc,2025-09-16 19:57,2.5G,026/027 overlap
2024,027_archv.2024_117_13_2d.nc,2025-09-19 15:25,74M,026/027 overlap
2024,027_archv.2024_117_13_3z.nc,2025-09-16 19:58,2.5G,026/027 overlap
2024,027_archv.2024_117_14_2d.nc,2025-09-19 15:25,74M,026/027 overlap
2024,027_archv.2024_117_14_3z.nc,2025-09-20 14:39,2.5G,026/027 overlap
2024,027_archv.2024_117_15_2d.nc,2025-09-19 15:25,74M,026/027 overlap
2024,027_archv.2024_117_15_3z.nc,2025-09-16 19:59,2.5G,026/027 overlap
2024,027_archv.2024_117_16_2d.nc,2025-09-19 15:25,74M,026/027 overlap
2024,027_archv.2024_117_16_3z.nc,2025-09-16 20:00,2.5G,026/027 overlap
2024,027_archv.2024_117_17_2d.nc,2025-09-19 15:25,74M,026/027 overlap
2024,027_archv.2024_117_17_3z.nc,2025-09-16 20:00,2.5G,026/027 overlap
2024,027_archv.2024_117_18_2d.nc,2025-09-19 15:25,74M,026/027 overlap
2024,027_archv.2024_117_18_3z.nc,2025-09-16 20:01,2.5G,026/027 overlap
2024,027_archv.2024_117_19_2d.nc,2025-09-19 15:25,74M,026/027 overlap
2024,027_archv.2024_117_19_3z.nc,2025-09-16 20:02,2.5G,026/027 overlap
2024,027_archv.2024_117_20_2d.nc,2025-09-19 15:25,74M,026/027 overlap
2024,027_archv.2024_117_20_3z.nc,2025-09-16 20:03,2.5G,026/027 overlap
2024,027_archv.2024_117_21_2d.nc,2025-09-19 15:25,74M,026/027 overlap
2024,027_archv.2024_117_21_3z.nc,2025-09-16 20:03,2.5G,026/027 overlap
2024,027_archv.2024_117_22_2d.nc,2025-09-19 15:25,74M,026/027 overlap
2024,027_archv.2024_117_22_3z.nc,2025-09-16 20:04,2.5G,026/027 overlap
2024,027_archv.2024_117_23_2d.nc,2025-09-19 15:25,74M,026/027 overlap
2024,027_archv.2024_117_23_3z.nc,2025-09-16 20:04,2.5G,026/027 overlap
2024,027_archv.2024_118_00_2d.nc,2025-09-19 15:26,74M,026/027 overlap
2024,027_archv.2024_118_00_3z.nc,2025-09-13 18:18,2.5G,026/027 overlap
2024,027_archv.2024_118_01_2d.nc,2025-09-19 15:26,74M,026/027 overlap
2024,027_archv.2024_118_01_3z.nc,2025-09-13 18:18,2.5G,026/027 overlap
2024,027_archv.2024_118_02_2d.nc,2025-09-19 15:26,74M,026/027 overlap
2024,027_archv.2024_118_02_3z.nc,2025-09-13 18:18,2.5G,026/027 overlap
2024,027_archv.2024_118_03_2d.nc,2025-09-19 15:26,74M,026/027 overlap
2024,027_archv.2024_118_03_3z.nc,2025-09-13 18:18,2.5G,026/027 overlap
2024,027_archv.2024_118_04_2d.nc,2025-09-19 15:26,74M,026/027 overlap
2024,027_archv.2024_118_04_3z.nc,2025-09-13 18:18,2.5G,026/027 overlap
2024,027_archv.2024_118_05_2d.nc,2025-09-19 15:26,74M,026/027 overlap
2024,027_archv.2024_118_05_3z.nc,2025-09-13 18:18,2.5G,026/027 overlap
2024,027_archv.2024_118_06_2d.nc,2025-09-19 15:26,74M,026/027 overlap
2024,027_archv.2024_118_06_3z.nc,2025-09-13 18:19,2.5G,026/027 overlap
2024,027_archv.2024_118_07_2d.nc,2025-09-19 15:26,74M,026/027 overlap
2024,027_archv.2024_118_07_3z.nc,2025-09-13 18:19,2.5G,026/027 overlap
2024,027_archv.2024_118_08_2d.nc,2025-09-19 15:26,74M,026/027 overlap
2024,027_archv.2024_118_08_3z.nc,2025-09-13 18:19,2.5G,026/027 overlap
2024,027_archv.2024_118_09_2d.nc,2025-09-19 15:26,74M,026/027 overlap
2024,027_archv.2024_118_09_3z.nc,2025-09-13 18:19,2.5G,026/027 overlap
2024,027_archv.2024_118_10_2d.nc,2025-09-19 15:26,74M,026/027 overlap
2024,027_archv.2024_118_10_3z.nc,2025-09-13 18:19,2.5G,026/027 overlap
2024,027_archv.2024_118_11_2d.nc,2025-09-19 15:26,74M,026/027 overlap
2024,027_archv.2024_118_11_3z.nc,2025-09-13 18:19,2.5G,026/027 overlap
2024,027_archv.2024_118_12_2d.nc,2025-09-19 15:26,74M,026/027 overlap
2024,027_archv.2024_118_12_3z.nc,2025-09-13 18:20,2.5G,026/027 overlap
2024,027_archv.2024_118_13_2d.nc,2025-09-19 15:26,74M,026/027 overlap
2024,027_archv.2024_118_13_3z.nc,2025-09-13 18:20,2.5G,026/027 overlap
2024,027_archv.2024_118_14_2d.nc,2025-09-19 15:26,74M,026/027 overlap
2024,027_archv.2024_118_14_3z.nc,2025-09-13 18:20,2.5G,026/027 overlap
2024,027_archv.2024_118_15_2d.nc,2025-09-19 15:26,74M,026/027 overlap
2024,027_archv.2024_118_15_3z.nc,2025-09-13 18:20,2.5G,026/027 overlap
2024,027_archv.2024_118_16_2d.nc,2025-09-19 15:26,74M,026/027 overlap
2024,027_archv.2024_118_16_3z.nc,2025-09-13 18:20,2.5G,026/027 overlap
2024,027_archv.2024_118_17_2d.nc,2025-09-19 15:26,74M,026/027 overlap
2024,027_archv.2024_118_17_3z.nc,2025-09-13 18:21,2.5G,026/027 overlap
2024,027_archv.2024_118_18_2d.nc,2025-09-19 15:26,74M,026/027 overlap
2024,027_archv.2024_118_18_3z.nc,2025-09-13 18:21,2.5G,026/027 overlap
2024,027_archv.2024_118_19_2d.nc,2025-09-19 15:26,74M,026/027 overlap
2024,027_archv.2024_118_19_3z.nc,2025-09-13 18:21,2.5G,026/027 overlap
2024,027_archv.2024_118_20_2d.nc,2025-09-19 15:26,74M,026/027 overlap
2024,027_archv.2024_118_20_3z.nc,2025-09-13 18:21,2.5G,026/027 overlap
2024,027_archv.2024_118_21_2d.nc,2025-09-19 15:26,74M,026/027 overlap
2024,027_archv.2024_118_21_3z.nc,2025-09-13 18:21,2.5G,026/027 overlap
2024,027_archv.2024_118_22_2d.nc,2025-09-19 15:26,74M,026/027 overlap
2024,027_archv.2024_118_22_3z.nc,2025-09-13 18:21,2.5G,026/027 overlap
2024,027_archv.2024_118_23_2d.nc,2025-09-19 15:26,74M,026/027 overlap
2024,027_archv.2024_118_23_3z.nc,2025-09-13 18:22,2.5G,026/027 overlap
2024,027_archv.2024_119_00_2d.nc,2025-09-19 15:26,74M,026/027 overlap
2024,027_archv.2024_119_00_3z.nc,2025-09-13 18:22,2.5G,026/027 overlap
2024,027_archv.2024_119_01_2d.nc,2025-09-19 15:26,74M,026/027 overlap
2024,027_archv.2024_119_01_3z.nc,2025-09-13 18:22,2.5G,026/027 overlap
2024,027_archv.2024_119_02_2d.nc,2025-09-19 15:26,74M,026/027 overlap
2024,027_archv.2024_119_02_3z.nc,2025-09-13 18:22,2.5G,026/027 overlap
2024,027_archv.2024_119_03_2d.nc,2025-09-19 15:26,74M,026/027 overlap
2024,027_archv.2024_119_03_3z.nc,2025-09-13 18:22,2.5G,026/027 overlap
2024,027_archv.2024_119_04_2d.nc,2025-09-19 15:26,74M,026/027 overlap
2024,027_archv.2024_119_04_3z.nc,2025-09-13 18:22,2.5G,026/027 overlap
2024,027_archv.2024_119_05_2d.nc,2025-09-19 15:26,74M,026/027 overlap
2024,027_archv.2024_119_05_3z.nc,2025-09-13 18:23,2.5G,026/027 overlap
2024,027_archv.2024_119_06_2d.nc,2025-09-19 15:26,74M,026/027 overlap
2024,027_archv.2024_119_06_3z.nc,2025-09-13 18:23,2.5G,026/027 overlap
2024,027_archv.2024_119_07_2d.nc,2025-09-19 15:26,74M,026/027 overlap
2024,027_archv.2024_119_07_3z.nc,2025-09-13 18:23,2.5G,026/027 overlap
2024,027_archv.2024_119_08_2d.nc,2025-09-19 15:26,74M,026/027 overlap
2024,027_archv.2024_119_08_3z.nc,2025-09-13 18:23,2.5G,026/027 overlap
2024,027_archv.2024_119_09_2d.nc,2025-09-19 15:26,74M,026/027 overlap
2024,027_archv.2024_119_09_3z.nc,2025-09-13 18:23,2.5G,026/027 overlap
2024,027_archv.2024_119_10_2d.nc,2025-09-19 15:26,74M,026/027 overlap
2024,027_archv.2024_119_10_3z.nc,2025-09-13 18:24,2.5G,026/027 overlap
2024,027_archv.2024_119_11_2d.nc,2025-09-19 15:26,74M,026/027 overlap
2024,027_archv.2024_119_11_3z.nc,2025-09-13 18:24,2.5G,026/027 overlap
2024,027_archv.2024_119_12_2d.nc,2025-09-19 15:26,74M,026/027 overlap
2024,027_archv.2024_119_12_3z.nc,2025-09-13 18:24,2.5G,026/027 overlap
2024,027_archv.2024_119_13_2d.nc,2025-09-19 15:26,74M,026/027 overlap
2024,027_archv.2024_119_13_3z.nc,2025-09-13 18:24,2.5G,026/027 overlap
2024,027_archv.2024_119_14_2d.nc,2025-09-19 15:26,74M,026/027 overlap
2024,027_archv.2024_119_14_3z.nc,2025-09-13 18:24,2.5G,026/027 overlap
2024,027_archv.2024_119_15_2d.nc,2025-09-19 15:26,74M,026/027 overlap
2024,027_archv.2024_119_15_3z.nc,2025-09-13 18:24,2.5G,026/027 overlap
2024,027_archv.2024_119_16_2d.nc,2025-09-19 15:26,74M,026/027 overlap
2024,027_archv.2024_119_16_3z.nc,2025-09-13 18:25,2.5G,026/027 overlap
2024,027_archv.2024_119_17_2d.nc,2025-09-19 15:26,74M,026/027 overlap
2024,027_archv.2024_119_17_3z.nc,2025-09-13 18:25,2.5G,026/027 overlap
2024,027_archv.2024_119_18_2d.nc,2025-09-19 15:26,74M,026/027 overlap
2024,027_archv.2024_119_18_3z.nc,2025-09-13 18:25,2.5G,026/027 overlap
2024,027_archv.2024_119_19_2d.nc,2025-09-19 15:26,74M,026/027 overlap
2024,027_archv.2024_119_19_3z.nc,2025-09-13 18:25,2.5G,026/027 overlap
2024,027_archv.2024_119_20_2d.nc,2025-09-19 15:26,74M,026/027 overlap
2024,027_archv.2024_119_20_3z.nc,2025-09-13 18:25,2.5G,026/027 overlap
2024,027_archv.2024_119_21_2d.nc,2025-09-19 15:26,74M,026/027 overlap
2024,027_archv.2024_119_21_3z.nc,2025-09-13 18:25,2.5G,026/027 overlap
2024,027_archv.2024_119_22_2d.nc,2025-09-19 15:26,74M,026/027 overlap
2024,027_archv.2024_119_22_3z.nc,2025-09-13 18:26,2.5G,026/027 overlap
2024,027_archv.2024_119_23_2d.nc,2025-09-19 15:26,74M,026/027 overlap
2024,027_archv.2024_119_23_3z.nc,2025-09-13 18:26,2.5G,026/027 overlap
